relative_path,size_bytes,sha256
.env.example,1173,8c66ae270e738f9e08222861d9c4fcacc0be2a3882841621ee167fba34432cab
.gitignore,824,45c2e55223838dd285ab215b5fdfa1329e34bcac2fca5f7b1d90233900a844b2
ANONYMITY_AND_QC_REPORT_V12.txt,455,507a2287afdebd6612011dd0d4f243e797d5bf2842890f50ca5dbeac80480936
LogicAI.md,12528,2e435d55bae347d06abb1f89ec421b99d09d070b7ecbeaeedc6809f736698527
README.md,4821,bb90a7007c358d18d1385a0cda61f2eb407d7fbaf36904d5dd98c7054f31e756
backtest.py,36357,6af8cf05cf84fc7601e8af42de3bd01b604bba759341732bacb3138a74f6a421
backtest2.py,36567,9449bb700ed08ddcc9f76b28b9db9553d279a157c8dc8bb83d6620628be8808a
bot.py,140590,afa15228650973d3cd5796be6ae3a78ef76ab3c74b06e61945675c7d480f96ec
data-backtest/AAPL_BACKTEST_2008_2009_S0/ai_messages_redacted_NOTE.txt,199,91f03c0dcd216c803b818a91fea7daada7599e64a7df8f5cecefc4f52ad48da9
data-backtest/AAPL_BACKTEST_2008_2009_S0/backtest_summary.txt,1158,ee21eb6117be87ee1a124f3ad394356f5c82e1e1a139923aa36909aba23ce4f8
data-backtest/AAPL_BACKTEST_2008_2009_S0/daily_returns.csv,24796,d70b827b7f97cb6d943f83e7b497ec70f561cbd002e16b9680ee6b002b3d676c
data-backtest/AAPL_BACKTEST_2008_2009_S0/prompt_template.txt,2893,71a2128f63fd53cde4003652c3df1717186f09ff3ded4244cc418dc41ce9b8e0
data-backtest/AAPL_BACKTEST_2008_2009_S0/settings.json,369,6704f7600d7beda87cb3d51248c29871176be713a01e3b560c6354da207e97f2
data-backtest/AAPL_BACKTEST_2008_2009_S1/ai_messages_redacted_NOTE.txt,199,91f03c0dcd216c803b818a91fea7daada7599e64a7df8f5cecefc4f52ad48da9
data-backtest/AAPL_BACKTEST_2008_2009_S1/backtest_summary.txt,1158,07901ae7b665a6431497e22939d1af5fdd51952359bb1651dc79752c8d35d726
data-backtest/AAPL_BACKTEST_2008_2009_S1/daily_returns.csv,30624,bb76c5655cc5763eec7f6dd2657316a40790118b5b501f55cdd4660fd53aaa11
data-backtest/AAPL_BACKTEST_2008_2009_S1/prompt_template.txt,2893,71a2128f63fd53cde4003652c3df1717186f09ff3ded4244cc418dc41ce9b8e0
data-backtest/AAPL_BACKTEST_2008_2009_S1/settings.json,369,559b8c312ae986c7fafab176a1a4c1303cb8106d71b72152bc3ddfc6051828d6
data-backtest/AAPL_BACKTEST_2008_2009_S2/ai_messages_redacted_NOTE.txt,199,91f03c0dcd216c803b818a91fea7daada7599e64a7df8f5cecefc4f52ad48da9
data-backtest/AAPL_BACKTEST_2008_2009_S2/backtest_summary.txt,1158,5440f1eac2f71439f0ac4de1f14812ed02825ef3f47f67bcdf47c71709743e32
data-backtest/AAPL_BACKTEST_2008_2009_S2/daily_returns.csv,23123,6ee9cbba18fcbcb16d146d4c352afc2e5b71d83a1b95517422f1488026de7f8b
data-backtest/AAPL_BACKTEST_2008_2009_S2/prompt_template.txt,2893,71a2128f63fd53cde4003652c3df1717186f09ff3ded4244cc418dc41ce9b8e0
data-backtest/AAPL_BACKTEST_2008_2009_S2/settings.json,369,09a8f94f8c49cbebd60ec50c8446c3bdbe5cdfdce38bfdaefe1d6ba55902843d
data-backtest/AAPL_BACKTEST_2020_2021_S0/ai_messages_redacted_NOTE.txt,199,91f03c0dcd216c803b818a91fea7daada7599e64a7df8f5cecefc4f52ad48da9
data-backtest/AAPL_BACKTEST_2020_2021_S0/backtest_summary.txt,1158,14be1c63fc00445038e55fdb23ff9dacada20a317f0f5e8bd511251252d8c659
data-backtest/AAPL_BACKTEST_2020_2021_S0/daily_returns.csv,25907,7a509fff3c9963602e8819d44f45ca8bcdf31aa8f58b8df498a61912c3c458b0
data-backtest/AAPL_BACKTEST_2020_2021_S0/prompt_template.txt,2893,71a2128f63fd53cde4003652c3df1717186f09ff3ded4244cc418dc41ce9b8e0
data-backtest/AAPL_BACKTEST_2020_2021_S0/settings.json,369,3fa94b87948b451342239b5e6bc7925c05924f2843550430bc08436a38c257fd
data-backtest/AAPL_BACKTEST_2020_2021_S1/ai_messages_redacted_NOTE.txt,199,91f03c0dcd216c803b818a91fea7daada7599e64a7df8f5cecefc4f52ad48da9
data-backtest/AAPL_BACKTEST_2020_2021_S1/backtest_summary.txt,1158,9e4dab3214942cfb64acc1d598350149b2c7d469da2a2526e047b511e76ea2ad
data-backtest/AAPL_BACKTEST_2020_2021_S1/daily_returns.csv,28897,743c2ecfca49b2b1232af9a53d8571679085b6804e92c90cfcb019dae040706e
data-backtest/AAPL_BACKTEST_2020_2021_S1/prompt_template.txt,2893,71a2128f63fd53cde4003652c3df1717186f09ff3ded4244cc418dc41ce9b8e0
data-backtest/AAPL_BACKTEST_2020_2021_S1/settings.json,369,190bc5d8ae73622eb6b8da44156478d2d2d812304800862dc9b4cca762da4c3a
data-backtest/AAPL_BACKTEST_2020_2021_S2/ai_messages_redacted_NOTE.txt,199,91f03c0dcd216c803b818a91fea7daada7599e64a7df8f5cecefc4f52ad48da9
data-backtest/AAPL_BACKTEST_2020_2021_S2/backtest_summary.txt,1158,b1d628ba128fdc4112ea14d41b00a2e4bdcfecfb80e3f0a65f8952fc9e012dac
data-backtest/AAPL_BACKTEST_2020_2021_S2/daily_returns.csv,26843,85db5338301ea3c84c68cb32927ffa126ae11195224830d7bb2e7e2272f08645
data-backtest/AAPL_BACKTEST_2020_2021_S2/prompt_template.txt,2893,71a2128f63fd53cde4003652c3df1717186f09ff3ded4244cc418dc41ce9b8e0
data-backtest/AAPL_BACKTEST_2020_2021_S2/settings.json,369,b75e70d0fb650aa262bdcb98876f06a93f923ba13d50c855f6428b69a42c1602
data-backtest/AAPL_BACKTEST_2022_2023_S0/ai_messages_redacted_NOTE.txt,199,91f03c0dcd216c803b818a91fea7daada7599e64a7df8f5cecefc4f52ad48da9
data-backtest/AAPL_BACKTEST_2022_2023_S0/backtest_summary.txt,1158,b0c2d7369bbe7ceb86a7c69a73779fdd91ca233a1bda5c2ab8cce4f64621f862
data-backtest/AAPL_BACKTEST_2022_2023_S0/daily_returns.csv,23804,0123ec01e59497c8a39115391af5b813a59bd2516b0c8fd718b32880af3c1539
data-backtest/AAPL_BACKTEST_2022_2023_S0/prompt_template.txt,2893,71a2128f63fd53cde4003652c3df1717186f09ff3ded4244cc418dc41ce9b8e0
data-backtest/AAPL_BACKTEST_2022_2023_S0/settings.json,369,a15569fc800cceddee3cd4c79be1bd9c71f4368e6aedd84ab81d4908a6a8bf65
data-backtest/AAPL_BACKTEST_2022_2023_S1/ai_messages_redacted_NOTE.txt,199,91f03c0dcd216c803b818a91fea7daada7599e64a7df8f5cecefc4f52ad48da9
data-backtest/AAPL_BACKTEST_2022_2023_S1/backtest_summary.txt,1158,b6310301b3d0c0767f7eed88ba1d3aaaf3ce756df5383fad373bdf2b6676db85
data-backtest/AAPL_BACKTEST_2022_2023_S1/daily_returns.csv,22788,d9e4b4bbf8dc44f774d027f6feb10340a889025195d49eb8d77276219a67aa34
data-backtest/AAPL_BACKTEST_2022_2023_S1/prompt_template.txt,2893,71a2128f63fd53cde4003652c3df1717186f09ff3ded4244cc418dc41ce9b8e0
data-backtest/AAPL_BACKTEST_2022_2023_S1/settings.json,369,2e3110c6539d609c0e366919a59584f1376f2d90726a8f8cb113e46da8d69b68
data-backtest/AAPL_BACKTEST_2022_2023_S2/ai_messages_redacted_NOTE.txt,199,91f03c0dcd216c803b818a91fea7daada7599e64a7df8f5cecefc4f52ad48da9
data-backtest/AAPL_BACKTEST_2022_2023_S2/backtest_summary.txt,1158,4e137b21a8d0d1b15a436d6f32edc6fcbfa264ed97e2fd072910c65e9d4e0031
data-backtest/AAPL_BACKTEST_2022_2023_S2/daily_returns.csv,23673,7083daefec2eafde99573a7fc8194ec943e92923a554b0a0516a01013ca28d2c
data-backtest/AAPL_BACKTEST_2022_2023_S2/prompt_template.txt,2893,71a2128f63fd53cde4003652c3df1717186f09ff3ded4244cc418dc41ce9b8e0
data-backtest/AAPL_BACKTEST_2022_2023_S2/settings.json,369,04ffe6f0af285e9b723da0394fae741266c74c6735f5f527e8200a54b7cf8ce1
data-backtest/AAPL_BACKTEST_2024_2025_S0/backtest_summary.txt,1158,d9af84bac7779d35f4ab50acd441787f3fded7518c9df15b9c8cd1a27bf92dde
data-backtest/AAPL_BACKTEST_2024_2025_S0/daily_returns.csv,23261,f6fd2b5a00a551dcf035facd31c090aa8a70b745afb63514c1ea77a0e3abd9ef
data-backtest/AAPL_BACKTEST_2024_2025_S0/prompt_template.txt,2893,71a2128f63fd53cde4003652c3df1717186f09ff3ded4244cc418dc41ce9b8e0
data-backtest/AAPL_BACKTEST_2024_2025_S0/settings.json,369,e42112563badaf43b0c64ec2bc1b56179bbaa773861bbc31e4c901dc62c0f49c
data-backtest/AAPL_BACKTEST_2024_2025_S1/backtest_summary.txt,1158,5ffbaf6a4755b80faf7b1ebbc7b8c63e960c6b8e1da5314a83e824bb95ddaf92
data-backtest/AAPL_BACKTEST_2024_2025_S1/daily_returns.csv,26545,599964733d5c69079b854af2b3ea2b9d75dc8e2fac4bfcadce53484403c2bebe
data-backtest/AAPL_BACKTEST_2024_2025_S1/prompt_template.txt,2893,71a2128f63fd53cde4003652c3df1717186f09ff3ded4244cc418dc41ce9b8e0
data-backtest/AAPL_BACKTEST_2024_2025_S1/settings.json,369,4de7fe5c0e259eff20d4bd0690936cd6a3dbe5d7deb053fd3f2778a2e8db814f
data-backtest/AAPL_BACKTEST_2024_2025_S2/backtest_summary.txt,1158,44a7714fd08ee3d01241001f50834576d8e0598e6de61dda6b4fdcbac99e0a4d
data-backtest/AAPL_BACKTEST_2024_2025_S2/daily_returns.csv,25383,0c67bd7cdb165dcd800351e26bda30c88f51dd9012609ecdaffaef9be90e9925
data-backtest/AAPL_BACKTEST_2024_2025_S2/prompt_template.txt,2893,71a2128f63fd53cde4003652c3df1717186f09ff3ded4244cc418dc41ce9b8e0
data-backtest/AAPL_BACKTEST_2024_2025_S2/settings.json,369,b8518629f5fdaf3c180fa2cea3b1666f9622e02ece7058af8f29f9bbbb75e596
data-backtest/AAPL_BASELINE_2008_2009_S1/ai_messages_redacted_NOTE.txt,199,91f03c0dcd216c803b818a91fea7daada7599e64a7df8f5cecefc4f52ad48da9
data-backtest/AAPL_BASELINE_2008_2009_S1/backtest_summary.txt,978,a804777f6a5b1813e4a9e9df0b34194f71464c1352c8ad684a721f5bbfd4b405
data-backtest/AAPL_BASELINE_2008_2009_S1/daily_returns.csv,26585,fffbd492c9c5202c5452f3014bb993feda8996ffdb2c934132683ec467282346
data-backtest/AAPL_BASELINE_2008_2009_S1/prompt_template.txt,64,d96d4067b678c35a560e43980fe5a0cf51cfa98c81da5f16f35f1728cbd27e3b
data-backtest/AAPL_BASELINE_2008_2009_S1/settings.json,352,6b8f1d7b9504db8ea4abea08ad8c36694f93b70062bfcc25d0f16188e1132d81
data-backtest/AAPL_BASELINE_2008_2009_S2/ai_messages_redacted_NOTE.txt,199,91f03c0dcd216c803b818a91fea7daada7599e64a7df8f5cecefc4f52ad48da9
data-backtest/AAPL_BASELINE_2008_2009_S2/backtest_summary.txt,978,0df7acba4fe05d95ff35f07f1126ace516ec3c5b48a1fd0a9de112c6a7141372
data-backtest/AAPL_BASELINE_2008_2009_S2/daily_returns.csv,26585,fffbd492c9c5202c5452f3014bb993feda8996ffdb2c934132683ec467282346
data-backtest/AAPL_BASELINE_2008_2009_S2/prompt_template.txt,64,d96d4067b678c35a560e43980fe5a0cf51cfa98c81da5f16f35f1728cbd27e3b
data-backtest/AAPL_BASELINE_2008_2009_S2/settings.json,352,6b8f1d7b9504db8ea4abea08ad8c36694f93b70062bfcc25d0f16188e1132d81
data-backtest/AAPL_BASELINE_2020_2021_S0/ai_messages_redacted_NOTE.txt,199,91f03c0dcd216c803b818a91fea7daada7599e64a7df8f5cecefc4f52ad48da9
data-backtest/AAPL_BASELINE_2020_2021_S0/backtest_summary.txt,978,8c2648971ae07f38a5f9d2c2d60a0a615a2d51e938df88d64a32c22718c321dd
data-backtest/AAPL_BASELINE_2020_2021_S0/daily_returns.csv,28712,b8d7ff6fd450edd3fcd7fbfbf84e2e3a17e1793b2ec65dfcbc7332fa441622db
data-backtest/AAPL_BASELINE_2020_2021_S0/prompt_template.txt,64,d96d4067b678c35a560e43980fe5a0cf51cfa98c81da5f16f35f1728cbd27e3b
data-backtest/AAPL_BASELINE_2020_2021_S0/settings.json,352,0995fd276846f504ca2a8f23661117b1cdd3bfe170f66ffba9ef7224567b4838
data-backtest/AAPL_BASELINE_2020_2021_S1/ai_messages_redacted_NOTE.txt,199,91f03c0dcd216c803b818a91fea7daada7599e64a7df8f5cecefc4f52ad48da9
data-backtest/AAPL_BASELINE_2020_2021_S1/backtest_summary.txt,978,da27c02c6c16bcd0b59ea5ed99cc94126afb14386ce1ca7365fda0f4f2927082
data-backtest/AAPL_BASELINE_2020_2021_S1/daily_returns.csv,28712,b8d7ff6fd450edd3fcd7fbfbf84e2e3a17e1793b2ec65dfcbc7332fa441622db
data-backtest/AAPL_BASELINE_2020_2021_S1/prompt_template.txt,64,d96d4067b678c35a560e43980fe5a0cf51cfa98c81da5f16f35f1728cbd27e3b
data-backtest/AAPL_BASELINE_2020_2021_S1/settings.json,352,0995fd276846f504ca2a8f23661117b1cdd3bfe170f66ffba9ef7224567b4838
data-backtest/AAPL_BASELINE_2020_2021_S2/ai_messages_redacted_NOTE.txt,199,91f03c0dcd216c803b818a91fea7daada7599e64a7df8f5cecefc4f52ad48da9
data-backtest/AAPL_BASELINE_2020_2021_S2/backtest_summary.txt,978,b68d5b011d2c004752fd7506acb4dc70811662c45829d1d30288696488c162fc
data-backtest/AAPL_BASELINE_2020_2021_S2/daily_returns.csv,28712,b8d7ff6fd450edd3fcd7fbfbf84e2e3a17e1793b2ec65dfcbc7332fa441622db
data-backtest/AAPL_BASELINE_2020_2021_S2/prompt_template.txt,64,d96d4067b678c35a560e43980fe5a0cf51cfa98c81da5f16f35f1728cbd27e3b
data-backtest/AAPL_BASELINE_2020_2021_S2/settings.json,352,0995fd276846f504ca2a8f23661117b1cdd3bfe170f66ffba9ef7224567b4838
data-backtest/AAPL_BASELINE_2022_2023_S0/ai_messages_redacted_NOTE.txt,199,91f03c0dcd216c803b818a91fea7daada7599e64a7df8f5cecefc4f52ad48da9
data-backtest/AAPL_BASELINE_2022_2023_S0/backtest_summary.txt,978,2e020773d25ed23d6aad7bdc2dcd59ed9448b1fca37800001c58b98b9fe94a71
data-backtest/AAPL_BASELINE_2022_2023_S0/daily_returns.csv,26603,413edc9dea6a77a8a83146442b4fb0f736639a5eea498c98561f973c243786fc
data-backtest/AAPL_BASELINE_2022_2023_S0/prompt_template.txt,64,d96d4067b678c35a560e43980fe5a0cf51cfa98c81da5f16f35f1728cbd27e3b
data-backtest/AAPL_BASELINE_2022_2023_S0/settings.json,352,f55b976b4da2a604fad81f997bd6f53d0c1fea59401d43b4e69225b693209ad0
data-backtest/AAPL_BASELINE_2022_2023_S1/ai_messages_redacted_NOTE.txt,199,91f03c0dcd216c803b818a91fea7daada7599e64a7df8f5cecefc4f52ad48da9
data-backtest/AAPL_BASELINE_2022_2023_S1/backtest_summary.txt,978,4be92bf414ac1720711844f1284fecb5a01f5feba65c51af570adf33c80d119a
data-backtest/AAPL_BASELINE_2022_2023_S1/daily_returns.csv,26603,413edc9dea6a77a8a83146442b4fb0f736639a5eea498c98561f973c243786fc
data-backtest/AAPL_BASELINE_2022_2023_S1/prompt_template.txt,64,d96d4067b678c35a560e43980fe5a0cf51cfa98c81da5f16f35f1728cbd27e3b
data-backtest/AAPL_BASELINE_2022_2023_S1/settings.json,352,f55b976b4da2a604fad81f997bd6f53d0c1fea59401d43b4e69225b693209ad0
data-backtest/AAPL_BASELINE_2022_2023_S2/ai_messages_redacted_NOTE.txt,199,91f03c0dcd216c803b818a91fea7daada7599e64a7df8f5cecefc4f52ad48da9
data-backtest/AAPL_BASELINE_2022_2023_S2/backtest_summary.txt,978,a4e1a797382f4ec218f092de13c774cf985053e1c507f99279c6dc4bcd4895b4
data-backtest/AAPL_BASELINE_2022_2023_S2/daily_returns.csv,26603,413edc9dea6a77a8a83146442b4fb0f736639a5eea498c98561f973c243786fc
data-backtest/AAPL_BASELINE_2022_2023_S2/prompt_template.txt,64,d96d4067b678c35a560e43980fe5a0cf51cfa98c81da5f16f35f1728cbd27e3b
data-backtest/AAPL_BASELINE_2022_2023_S2/settings.json,352,f55b976b4da2a604fad81f997bd6f53d0c1fea59401d43b4e69225b693209ad0
data-backtest/AAPL_BASELINE_2024_2025_S0/backtest_summary.txt,978,09e899a906c6092a69003cee96fe1d3ab4d712ebc686b97b728e6beae815c36c
data-backtest/AAPL_BASELINE_2024_2025_S0/daily_returns.csv,26110,57a2a08627e1756f6e9f00b6c7f3178c826491ae8cca8c267a2a0536e185617f
data-backtest/AAPL_BASELINE_2024_2025_S0/prompt_template.txt,64,d96d4067b678c35a560e43980fe5a0cf51cfa98c81da5f16f35f1728cbd27e3b
data-backtest/AAPL_BASELINE_2024_2025_S0/settings.json,352,6ecdab69f3d349cc721fc5573deec7c26ad350dadda609221ed6e043150553dc
data-backtest/AAPL_BASELINE_2024_2025_S1/backtest_summary.txt,978,09e899a906c6092a69003cee96fe1d3ab4d712ebc686b97b728e6beae815c36c
data-backtest/AAPL_BASELINE_2024_2025_S1/daily_returns.csv,26110,57a2a08627e1756f6e9f00b6c7f3178c826491ae8cca8c267a2a0536e185617f
data-backtest/AAPL_BASELINE_2024_2025_S1/prompt_template.txt,64,d96d4067b678c35a560e43980fe5a0cf51cfa98c81da5f16f35f1728cbd27e3b
data-backtest/AAPL_BASELINE_2024_2025_S1/settings.json,352,6ecdab69f3d349cc721fc5573deec7c26ad350dadda609221ed6e043150553dc
data-backtest/AAPL_BASELINE_2024_2025_S2/backtest_summary.txt,978,09e899a906c6092a69003cee96fe1d3ab4d712ebc686b97b728e6beae815c36c
data-backtest/AAPL_BASELINE_2024_2025_S2/daily_returns.csv,26110,57a2a08627e1756f6e9f00b6c7f3178c826491ae8cca8c267a2a0536e185617f
data-backtest/AAPL_BASELINE_2024_2025_S2/prompt_template.txt,64,d96d4067b678c35a560e43980fe5a0cf51cfa98c81da5f16f35f1728cbd27e3b
data-backtest/AAPL_BASELINE_2024_2025_S2/settings.json,352,6ecdab69f3d349cc721fc5573deec7c26ad350dadda609221ed6e043150553dc
data-backtest/AAPL_Baseline_2008_2009_S0/ai_messages_redacted_NOTE.txt,199,91f03c0dcd216c803b818a91fea7daada7599e64a7df8f5cecefc4f52ad48da9
data-backtest/AAPL_Baseline_2008_2009_S0/backtest_summary.txt,978,972ff8023b42c218e1e1eda94c76b956f9abf1ab2608510b538407cff70ac587
data-backtest/AAPL_Baseline_2008_2009_S0/daily_returns.csv,26585,fffbd492c9c5202c5452f3014bb993feda8996ffdb2c934132683ec467282346
data-backtest/AAPL_Baseline_2008_2009_S0/prompt_template.txt,64,d96d4067b678c35a560e43980fe5a0cf51cfa98c81da5f16f35f1728cbd27e3b
data-backtest/AAPL_Baseline_2008_2009_S0/settings.json,352,6b8f1d7b9504db8ea4abea08ad8c36694f93b70062bfcc25d0f16188e1132d81
data-backtest/AAPL_RMDB_2008_2009_S0/ai_messages_redacted_NOTE.txt,199,91f03c0dcd216c803b818a91fea7daada7599e64a7df8f5cecefc4f52ad48da9
data-backtest/AAPL_RMDB_2008_2009_S0/backtest_summary.txt,978,07a99e1ac97d53b501bb90910e4dece389e0794de4c045061a39a00da77da5bd
data-backtest/AAPL_RMDB_2008_2009_S0/daily_returns.csv,26004,4e6bd64530024ab46607f93bc6d91274b98f849c1e2016c383ef0757be4d23f2
data-backtest/AAPL_RMDB_2008_2009_S0/prompt_template.txt,99,a1e18e029b056edff36a0c990e6bdab0833a14f77edd4c95909ac61a1d8ab00d
data-backtest/AAPL_RMDB_2008_2009_S0/settings.json,368,4b5bb7c1418ff2f5e181ced9876f16ec1555b7bb741cda82366178b218cc21fa
data-backtest/AAPL_RMDB_2008_2009_S1/ai_messages_redacted_NOTE.txt,199,91f03c0dcd216c803b818a91fea7daada7599e64a7df8f5cecefc4f52ad48da9
data-backtest/AAPL_RMDB_2008_2009_S1/backtest_summary.txt,978,5038d3aea01d09d0071576fabffee1f3bfad906bd32c018f415cd1e317d204e5
data-backtest/AAPL_RMDB_2008_2009_S1/daily_returns.csv,26004,4e6bd64530024ab46607f93bc6d91274b98f849c1e2016c383ef0757be4d23f2
data-backtest/AAPL_RMDB_2008_2009_S1/prompt_template.txt,99,a1e18e029b056edff36a0c990e6bdab0833a14f77edd4c95909ac61a1d8ab00d
data-backtest/AAPL_RMDB_2008_2009_S1/settings.json,368,4b5bb7c1418ff2f5e181ced9876f16ec1555b7bb741cda82366178b218cc21fa
data-backtest/AAPL_RMDB_2008_2009_S2/ai_messages_redacted_NOTE.txt,199,91f03c0dcd216c803b818a91fea7daada7599e64a7df8f5cecefc4f52ad48da9
data-backtest/AAPL_RMDB_2008_2009_S2/backtest_summary.txt,978,a6ca94ab682d492f3fa7c21a90361d0e9230dcedc67921e7c018addc17a82c04
data-backtest/AAPL_RMDB_2008_2009_S2/daily_returns.csv,26004,4e6bd64530024ab46607f93bc6d91274b98f849c1e2016c383ef0757be4d23f2
data-backtest/AAPL_RMDB_2008_2009_S2/prompt_template.txt,99,a1e18e029b056edff36a0c990e6bdab0833a14f77edd4c95909ac61a1d8ab00d
data-backtest/AAPL_RMDB_2008_2009_S2/settings.json,368,4b5bb7c1418ff2f5e181ced9876f16ec1555b7bb741cda82366178b218cc21fa
data-backtest/AAPL_RMDB_2020_2021_S0/ai_messages_redacted_NOTE.txt,199,91f03c0dcd216c803b818a91fea7daada7599e64a7df8f5cecefc4f52ad48da9
data-backtest/AAPL_RMDB_2020_2021_S0/backtest_summary.txt,978,b55030004e5324fd383ca46a03d5ae718148890d04fcb95fe303b747293bc085
data-backtest/AAPL_RMDB_2020_2021_S0/daily_returns.csv,27860,a15ebee9d2f50386721a69d251512abd58b73098009b40e4a526bcd68d22e2f2
data-backtest/AAPL_RMDB_2020_2021_S0/prompt_template.txt,99,a1e18e029b056edff36a0c990e6bdab0833a14f77edd4c95909ac61a1d8ab00d
data-backtest/AAPL_RMDB_2020_2021_S0/settings.json,368,db2329962a268469246c6bb13953c9a96897e4ac8ff49f22157419c9dd786f7d
data-backtest/AAPL_RMDB_2020_2021_S1/ai_messages_redacted_NOTE.txt,199,91f03c0dcd216c803b818a91fea7daada7599e64a7df8f5cecefc4f52ad48da9
data-backtest/AAPL_RMDB_2020_2021_S1/backtest_summary.txt,978,0a9173fa66d6c74cd76100384919cc3532f7ac4b52abf5e73cff3c9467d5b1e0
data-backtest/AAPL_RMDB_2020_2021_S1/daily_returns.csv,27860,a15ebee9d2f50386721a69d251512abd58b73098009b40e4a526bcd68d22e2f2
data-backtest/AAPL_RMDB_2020_2021_S1/prompt_template.txt,99,a1e18e029b056edff36a0c990e6bdab0833a14f77edd4c95909ac61a1d8ab00d
data-backtest/AAPL_RMDB_2020_2021_S1/settings.json,368,db2329962a268469246c6bb13953c9a96897e4ac8ff49f22157419c9dd786f7d
data-backtest/AAPL_RMDB_2020_2021_S2/ai_messages_redacted_NOTE.txt,199,91f03c0dcd216c803b818a91fea7daada7599e64a7df8f5cecefc4f52ad48da9
data-backtest/AAPL_RMDB_2020_2021_S2/backtest_summary.txt,978,671bc0917fc91e83a231905fa66159028ef1e92de5805e872d182bf20603af94
data-backtest/AAPL_RMDB_2020_2021_S2/daily_returns.csv,27860,a15ebee9d2f50386721a69d251512abd58b73098009b40e4a526bcd68d22e2f2
data-backtest/AAPL_RMDB_2020_2021_S2/prompt_template.txt,99,a1e18e029b056edff36a0c990e6bdab0833a14f77edd4c95909ac61a1d8ab00d
data-backtest/AAPL_RMDB_2020_2021_S2/settings.json,368,db2329962a268469246c6bb13953c9a96897e4ac8ff49f22157419c9dd786f7d
data-backtest/AAPL_RMDB_2022_2023_S0/ai_messages_redacted_NOTE.txt,199,91f03c0dcd216c803b818a91fea7daada7599e64a7df8f5cecefc4f52ad48da9
data-backtest/AAPL_RMDB_2022_2023_S0/backtest_summary.txt,978,026e87460a778355d34b8339fcd39df3dac187b761cfc53227e5ce099816f8ec
data-backtest/AAPL_RMDB_2022_2023_S0/daily_returns.csv,26565,95d5fd22bbdb39cc55a2169bd59c141b7c3938c27ae7b260c4df3d9d9b08e1ab
data-backtest/AAPL_RMDB_2022_2023_S0/prompt_template.txt,99,a1e18e029b056edff36a0c990e6bdab0833a14f77edd4c95909ac61a1d8ab00d
data-backtest/AAPL_RMDB_2022_2023_S0/settings.json,368,d871760b7529daeb8e37aff1c6eb7faa204455417b085c253fe2a89c8fe40097
data-backtest/AAPL_RMDB_2022_2023_S1/ai_messages_redacted_NOTE.txt,199,91f03c0dcd216c803b818a91fea7daada7599e64a7df8f5cecefc4f52ad48da9
data-backtest/AAPL_RMDB_2022_2023_S1/backtest_summary.txt,978,9b33390e832dad72fd17f1b9a76c2973043569a54b219958eb635dbee5be75d0
data-backtest/AAPL_RMDB_2022_2023_S1/daily_returns.csv,26565,95d5fd22bbdb39cc55a2169bd59c141b7c3938c27ae7b260c4df3d9d9b08e1ab
data-backtest/AAPL_RMDB_2022_2023_S1/prompt_template.txt,99,a1e18e029b056edff36a0c990e6bdab0833a14f77edd4c95909ac61a1d8ab00d
data-backtest/AAPL_RMDB_2022_2023_S1/settings.json,368,d871760b7529daeb8e37aff1c6eb7faa204455417b085c253fe2a89c8fe40097
data-backtest/AAPL_RMDB_2022_2023_S2/ai_messages_redacted_NOTE.txt,199,91f03c0dcd216c803b818a91fea7daada7599e64a7df8f5cecefc4f52ad48da9
data-backtest/AAPL_RMDB_2022_2023_S2/backtest_summary.txt,978,b243e33d625227c815490c2e9f1c78e1c9a15e56a4ed4932978d3420c124fb49
data-backtest/AAPL_RMDB_2022_2023_S2/daily_returns.csv,26565,95d5fd22bbdb39cc55a2169bd59c141b7c3938c27ae7b260c4df3d9d9b08e1ab
data-backtest/AAPL_RMDB_2022_2023_S2/prompt_template.txt,99,a1e18e029b056edff36a0c990e6bdab0833a14f77edd4c95909ac61a1d8ab00d
data-backtest/AAPL_RMDB_2022_2023_S2/settings.json,368,d871760b7529daeb8e37aff1c6eb7faa204455417b085c253fe2a89c8fe40097
data-backtest/AAPL_RMDB_2024_2025_S0/backtest_summary.txt,978,7a5c7af7797b7ed67381b7fd9f70efc0c21815b00051327c68c5c315af651bf9
data-backtest/AAPL_RMDB_2024_2025_S0/daily_returns.csv,25483,0b869a83565edd41954a5f875e7e64e79b6a1cc8088853ca94328ef3bf729d3d
data-backtest/AAPL_RMDB_2024_2025_S0/prompt_template.txt,99,a1e18e029b056edff36a0c990e6bdab0833a14f77edd4c95909ac61a1d8ab00d
data-backtest/AAPL_RMDB_2024_2025_S0/settings.json,368,d47a7d834d9e6572494b84c4be9bd093c7ecc37ba411d604f2d3790486ddffe3
data-backtest/AAPL_RMDB_2024_2025_S1/backtest_summary.txt,978,7a5c7af7797b7ed67381b7fd9f70efc0c21815b00051327c68c5c315af651bf9
data-backtest/AAPL_RMDB_2024_2025_S1/daily_returns.csv,25483,0b869a83565edd41954a5f875e7e64e79b6a1cc8088853ca94328ef3bf729d3d
data-backtest/AAPL_RMDB_2024_2025_S1/prompt_template.txt,99,a1e18e029b056edff36a0c990e6bdab0833a14f77edd4c95909ac61a1d8ab00d
data-backtest/AAPL_RMDB_2024_2025_S1/settings.json,368,d47a7d834d9e6572494b84c4be9bd093c7ecc37ba411d604f2d3790486ddffe3
data-backtest/AAPL_RMDB_2024_2025_S2/backtest_summary.txt,978,7a5c7af7797b7ed67381b7fd9f70efc0c21815b00051327c68c5c315af651bf9
data-backtest/AAPL_RMDB_2024_2025_S2/daily_returns.csv,25483,0b869a83565edd41954a5f875e7e64e79b6a1cc8088853ca94328ef3bf729d3d
data-backtest/AAPL_RMDB_2024_2025_S2/prompt_template.txt,99,a1e18e029b056edff36a0c990e6bdab0833a14f77edd4c95909ac61a1d8ab00d
data-backtest/AAPL_RMDB_2024_2025_S2/settings.json,368,d47a7d834d9e6572494b84c4be9bd093c7ecc37ba411d604f2d3790486ddffe3
data-backtest/AAPL_SVM_2008_2009_S0/backtest_summary.txt,778,9dd497139edc0d843eb4058eca165bdb360cde036bf2a5dade03dfef611f163b
data-backtest/AAPL_SVM_2008_2009_S0/daily_returns.csv,8099,3d3e428c6ac92db1b77d457fd29cfe07aa1e305bd170d2c20ac69a7c20986041
data-backtest/AAPL_SVM_2008_2009_S1/backtest_summary.txt,778,40f6178271cb71df6fd71c57bde6456c7d4573a94532a5074f29d8d951835d6a
data-backtest/AAPL_SVM_2008_2009_S1/daily_returns.csv,8099,3d3e428c6ac92db1b77d457fd29cfe07aa1e305bd170d2c20ac69a7c20986041
data-backtest/AAPL_SVM_2008_2009_S2/backtest_summary.txt,778,2271c548f12c0a0f57662a8c908a8deae1dc64e91124b63e7e811a66afbc26eb
data-backtest/AAPL_SVM_2008_2009_S2/daily_returns.csv,8099,3d3e428c6ac92db1b77d457fd29cfe07aa1e305bd170d2c20ac69a7c20986041
data-backtest/AAPL_SVM_2020_2021_S0/backtest_summary.txt,778,d0680e7802a84c8a18e5f6f117c34c022710b718399f865a55269ff9e77b1837
data-backtest/AAPL_SVM_2020_2021_S0/daily_returns.csv,8099,73583dde27bffd7c3d7c39038c72f6673753f315a217a82a7a3370b1050f368c
data-backtest/AAPL_SVM_2020_2021_S1/backtest_summary.txt,778,0c98b3465258b6d998314943a5a9fd71b2fc183f321cade82f6af134c0234a6c
data-backtest/AAPL_SVM_2020_2021_S1/daily_returns.csv,8099,73583dde27bffd7c3d7c39038c72f6673753f315a217a82a7a3370b1050f368c
data-backtest/AAPL_SVM_2020_2021_S2/backtest_summary.txt,778,238d48bb0fd0c38a23c4a8f9dda8d9f8b7c2daf0105bdfc080e9d7328c001243
data-backtest/AAPL_SVM_2020_2021_S2/daily_returns.csv,8099,73583dde27bffd7c3d7c39038c72f6673753f315a217a82a7a3370b1050f368c
data-backtest/AAPL_SVM_2022_2023_S0/backtest_summary.txt,778,06c6a2d664ad65d11aec672a953a4f57ccc07157d35e6d74568f9f763869be86
data-backtest/AAPL_SVM_2022_2023_S0/daily_returns.csv,13860,f9b9dab1e3090a63fb82e8636dd8f4b0803a92203850234ca14030cfb3ef55f0
data-backtest/AAPL_SVM_2022_2023_S1/backtest_summary.txt,778,a7b1669614ecf33a9a35a371d20af2fe918da8fd21366972dbeb63185a190840
data-backtest/AAPL_SVM_2022_2023_S1/daily_returns.csv,13916,4e93bb887863257b0a182a48e8d2569caf3f1d090dc058f8522346e3169d675b
data-backtest/AAPL_SVM_2022_2023_S2/backtest_summary.txt,778,14a7d5b928372533af83896064e66c96a809de98a2f7910c84b5a6b6b053c7a2
data-backtest/AAPL_SVM_2022_2023_S2/daily_returns.csv,13923,5bcd7c49bd9657e36a67c0a0d53a6e664abc8b3e39eab955540612a64b1601a1
data-backtest/AAPL_SVM_2024_2025_S0/backtest_summary.txt,778,8cd41fe484ac0dd5a89cb473dedc2715e48d6d39f49965854f6a3cbedc16e881
data-backtest/AAPL_SVM_2024_2025_S0/daily_returns.csv,8051,c457f74d0030b6828a9e370aa6a9961fab83c8b13d66f808a7ce0fb2e5dc6c1d
data-backtest/AAPL_SVM_2024_2025_S1/backtest_summary.txt,778,4880cde825add6d2ff7f53223a7754dc32f0cfa73837624d4a0f59810ae2375f
data-backtest/AAPL_SVM_2024_2025_S1/daily_returns.csv,8051,c457f74d0030b6828a9e370aa6a9961fab83c8b13d66f808a7ce0fb2e5dc6c1d
data-backtest/AAPL_SVM_2024_2025_S2/backtest_summary.txt,778,b78172d38f0db20a99c6ba5d9d481d257a81c96f5b7d76fbc4a291a822c1dc62
data-backtest/AAPL_SVM_2024_2025_S2/daily_returns.csv,8051,c457f74d0030b6828a9e370aa6a9961fab83c8b13d66f808a7ce0fb2e5dc6c1d
data-backtest/AAPL_XGBOOST_2008_2009_S0/backtest_summary.txt,818,578f4241db760b18c9d53404aa7ac15d8287a6905896a58b053c6ddeabcd6c9b
data-backtest/AAPL_XGBOOST_2008_2009_S0/daily_returns.csv,14561,f069e887f444a5ff9cb3a796bc61e0f356e481822a8fd13148318af4e6ea6391
data-backtest/AAPL_XGBOOST_2008_2009_S1/backtest_summary.txt,818,720d2220ddcc103a26ebbfd01ed4afb35d4297f508ebd332d7ad253a09bcb929
data-backtest/AAPL_XGBOOST_2008_2009_S1/daily_returns.csv,14617,1b1be875bc42901ad211d72ca649b0ff4d219f29ba964c9184f1ab2a2f36d87d
data-backtest/AAPL_XGBOOST_2008_2009_S2/backtest_summary.txt,818,672cb20fccfcbe228eb4990c48957175dacb3018948d75093500bedc103caf09
data-backtest/AAPL_XGBOOST_2008_2009_S2/daily_returns.csv,14609,5fff9f8164ce4f0f8bec221ceb437dda66da156ed7a40ccbbced8f36ae53c90e
data-backtest/AAPL_XGBOOST_2020_2021_S0/backtest_summary.txt,818,1082deec6a6fdcf2360d4306f7e79c7bf9b32ac8ba4027771e6c155eb3b4a65b
data-backtest/AAPL_XGBOOST_2020_2021_S0/daily_returns.csv,14161,a83772dcfd2737ef50f4ae3e706e1d1144950b252afeb072728b7ce06b52969e
data-backtest/AAPL_XGBOOST_2020_2021_S1/backtest_summary.txt,818,c4a163b8a2ef5077fdf8ba126b9ee0fb640f492db5105b03b67921e8125b6d79
data-backtest/AAPL_XGBOOST_2020_2021_S1/daily_returns.csv,14229,0fe5211dfcdb61f53fe83208dd216e59379bfe92600208fe9fed46acc312880d
data-backtest/AAPL_XGBOOST_2020_2021_S2/backtest_summary.txt,818,fad845bc2663362ec8482ceedb7b677ed30b3f28a5bc4a7924d6ce4d1746e00c
data-backtest/AAPL_XGBOOST_2020_2021_S2/daily_returns.csv,14226,dec4f648d8f752221162e00ec4b3da95964936d5534c7962d2e0c2aa58e7ccab
data-backtest/AAPL_XGBOOST_2022_2023_S0/backtest_summary.txt,818,8a3744272206e9855daa14ced60777ea2e9c39a46ee6a5cdb74ef2377535d1d9
data-backtest/AAPL_XGBOOST_2022_2023_S0/daily_returns.csv,13215,38eae583ae3725c74bfd7fa166025b9aa67668fee968ba813e09ec289c70598e
data-backtest/AAPL_XGBOOST_2022_2023_S1/backtest_summary.txt,818,d1d3f719de0aa507dc491f6f8153d8bfe950c84be92093f81838cdac8abcadad
data-backtest/AAPL_XGBOOST_2022_2023_S1/daily_returns.csv,13240,42701d1b17e76033ccd016dc8298279bf984fc29c2634d071f068d0f9745b31d
data-backtest/AAPL_XGBOOST_2022_2023_S2/backtest_summary.txt,818,90e327a57d313d3228cf51e4e6bab5750c0e3be9fabd72c5be14dc8ccff7f995
data-backtest/AAPL_XGBOOST_2022_2023_S2/daily_returns.csv,13235,1f818252f6f6b815eefe7e0c6dc1a05fa3461ca4243775aa1da57bfbb971b1b1
data-backtest/AAPL_XGBOOST_2024_2025_S0/backtest_summary.txt,818,128fd172b94dc13e02a563c521f863ba50cb436aed96ca59fd8b055d6b82a2ba
data-backtest/AAPL_XGBOOST_2024_2025_S0/daily_returns.csv,10428,221ef6880b3c4546ff4b6962c799c92727c6e8e8ef53d5646f5ebfc334c6467c
data-backtest/AAPL_XGBOOST_2024_2025_S1/backtest_summary.txt,818,675ae7542edaf4b6cc1f5218b440ddb0904841b6ad232b6be8eacf9382624875
data-backtest/AAPL_XGBOOST_2024_2025_S1/daily_returns.csv,10452,b8fc98f648c89f6cdae24c6ca1d61e19b2cce400d1f117aa82f4d1ff83621817
data-backtest/AAPL_XGBOOST_2024_2025_S2/backtest_summary.txt,818,6c2ce4335355905b1fa7054942372e455389b86d5ed8baa16206ac24ffadcdae
data-backtest/AAPL_XGBOOST_2024_2025_S2/daily_returns.csv,10452,5ed90b81da05352c4fb0e8b2e0fd7b63695c7ff706c1bd48d6f6b3975679e20b
data-backtest/GOLD_BACKTEST_2008_2009_S0/ai_messages_redacted_NOTE.txt,199,91f03c0dcd216c803b818a91fea7daada7599e64a7df8f5cecefc4f52ad48da9
data-backtest/GOLD_BACKTEST_2008_2009_S0/backtest_summary.txt,1158,a566cb978708f3b259f84ad1c6e9f60233e7db349fcecad20bd9ea9f5c13a135
data-backtest/GOLD_BACKTEST_2008_2009_S0/daily_returns.csv,24421,23ed60b9f16ce05eee0d0b8e9485a6868b578e0585aece8a8358864530c8d470
data-backtest/GOLD_BACKTEST_2008_2009_S0/prompt_template.txt,2893,71a2128f63fd53cde4003652c3df1717186f09ff3ded4244cc418dc41ce9b8e0
data-backtest/GOLD_BACKTEST_2008_2009_S0/settings.json,369,e37942c83860f2f0e5a323115b9fc2f4e1e4feb4aaaaeffa6bf4e9c0c56c25d0
data-backtest/GOLD_BACKTEST_2008_2009_S1/ai_messages_redacted_NOTE.txt,199,91f03c0dcd216c803b818a91fea7daada7599e64a7df8f5cecefc4f52ad48da9
data-backtest/GOLD_BACKTEST_2008_2009_S1/backtest_summary.txt,1158,bd68ea92c06fe3c04e33b169266d6cda71dc5e4162487f3c50338c5a779a8ffa
data-backtest/GOLD_BACKTEST_2008_2009_S1/daily_returns.csv,28225,bf6b33986ae48431b2b734332072cc54c5013cd9474160fbdffe09d146913811
data-backtest/GOLD_BACKTEST_2008_2009_S1/prompt_template.txt,2893,71a2128f63fd53cde4003652c3df1717186f09ff3ded4244cc418dc41ce9b8e0
data-backtest/GOLD_BACKTEST_2008_2009_S1/settings.json,369,f2b585837da6f09ad4c6d775d916c3f4d3660268cdcfc2bfbb67a18c89b778c1
data-backtest/GOLD_BACKTEST_2008_2009_S2/ai_messages_redacted_NOTE.txt,199,91f03c0dcd216c803b818a91fea7daada7599e64a7df8f5cecefc4f52ad48da9
data-backtest/GOLD_BACKTEST_2008_2009_S2/backtest_summary.txt,1158,057f0fe4357a3c3f2070bc5bb2ddd406114b4bb07ab6004ba1972e084b37db91
data-backtest/GOLD_BACKTEST_2008_2009_S2/daily_returns.csv,28747,2d3538e5641c6da9d3d5788577e150ef670211aada806f6f232fd699e1e56832
data-backtest/GOLD_BACKTEST_2008_2009_S2/prompt_template.txt,2893,71a2128f63fd53cde4003652c3df1717186f09ff3ded4244cc418dc41ce9b8e0
data-backtest/GOLD_BACKTEST_2008_2009_S2/settings.json,369,fa41653bd01d220820f9652c58edb8f85daf89e24f4149448382933e8949173c
data-backtest/GOLD_BACKTEST_2020_2021_S0/ai_messages_redacted_NOTE.txt,199,91f03c0dcd216c803b818a91fea7daada7599e64a7df8f5cecefc4f52ad48da9
data-backtest/GOLD_BACKTEST_2020_2021_S0/backtest_summary.txt,1158,6aecddf1723d057eca62553c604353d2d85e728ca0b9236f2f35fde14646f737
data-backtest/GOLD_BACKTEST_2020_2021_S0/daily_returns.csv,27095,c04083938a7f5fc37b0147dd69bc1a36fbf82b024e1960d13176572f09af0223
data-backtest/GOLD_BACKTEST_2020_2021_S0/prompt_template.txt,2893,71a2128f63fd53cde4003652c3df1717186f09ff3ded4244cc418dc41ce9b8e0
data-backtest/GOLD_BACKTEST_2020_2021_S0/settings.json,369,adea93d3d1130251f0cac7d426a6abf4a20f57e4b85f667cf77e10a8eec740ec
data-backtest/GOLD_BACKTEST_2020_2021_S1/ai_messages_redacted_NOTE.txt,199,91f03c0dcd216c803b818a91fea7daada7599e64a7df8f5cecefc4f52ad48da9
data-backtest/GOLD_BACKTEST_2020_2021_S1/backtest_summary.txt,1158,3f18e930b33f4ac293890f115018988c0b89714013fe12f58540d31c2992260c
data-backtest/GOLD_BACKTEST_2020_2021_S1/daily_returns.csv,26697,ed9392c13ed2216b371adb237b9a45ff936ca3d984683f959e5bd94824a107ab
data-backtest/GOLD_BACKTEST_2020_2021_S1/prompt_template.txt,2893,71a2128f63fd53cde4003652c3df1717186f09ff3ded4244cc418dc41ce9b8e0
data-backtest/GOLD_BACKTEST_2020_2021_S1/settings.json,369,1a0d075b8a45d27f1b485b78407d136b652d33e523b8065252955ca8fa094171
data-backtest/GOLD_BACKTEST_2020_2021_S2/ai_messages_redacted_NOTE.txt,199,91f03c0dcd216c803b818a91fea7daada7599e64a7df8f5cecefc4f52ad48da9
data-backtest/GOLD_BACKTEST_2020_2021_S2/backtest_summary.txt,1158,b9a47d808f3d792fe0bc834bb03a4fd0171abfc986812a118a8185da8138537f
data-backtest/GOLD_BACKTEST_2020_2021_S2/daily_returns.csv,25550,c48d1bc8a5713908292a2b0a952c411fb10c262db28cc2dde24cf22bd42c5263
data-backtest/GOLD_BACKTEST_2020_2021_S2/prompt_template.txt,2893,71a2128f63fd53cde4003652c3df1717186f09ff3ded4244cc418dc41ce9b8e0
data-backtest/GOLD_BACKTEST_2020_2021_S2/settings.json,369,cf01b0ec6a78261b72ee0bfb045ff5cbf3df3d535a475f1a40a088496ea21dae
data-backtest/GOLD_BACKTEST_2022_2023_S0/ai_messages_redacted_NOTE.txt,199,91f03c0dcd216c803b818a91fea7daada7599e64a7df8f5cecefc4f52ad48da9
data-backtest/GOLD_BACKTEST_2022_2023_S0/backtest_summary.txt,1158,6f55ed6b07d10455edbbfde261313dbc8694c162ef854c37d0d47999aa9dd524
data-backtest/GOLD_BACKTEST_2022_2023_S0/daily_returns.csv,25228,e48a759044df402e62a67479d3e0b2998a5d17e03cc163569a95cd0e6fce59bf
data-backtest/GOLD_BACKTEST_2022_2023_S0/prompt_template.txt,2893,71a2128f63fd53cde4003652c3df1717186f09ff3ded4244cc418dc41ce9b8e0
data-backtest/GOLD_BACKTEST_2022_2023_S0/settings.json,369,6b493bf32a8c322519f5a9ad6fb560a7d3e2a5d87e2804fa4f32dbf72556213e
data-backtest/GOLD_BACKTEST_2022_2023_S1/ai_messages_redacted_NOTE.txt,199,91f03c0dcd216c803b818a91fea7daada7599e64a7df8f5cecefc4f52ad48da9
data-backtest/GOLD_BACKTEST_2022_2023_S1/backtest_summary.txt,1158,485397cfad7414640f40b0943d5f3fef8a4d0527f35dff0e07b9be3a45614c37
data-backtest/GOLD_BACKTEST_2022_2023_S1/daily_returns.csv,27055,a70e164a7d2239c0b5833c2b0f0ae0b4b47eb285d1a2c79f5f63d9cc479cbcc9
data-backtest/GOLD_BACKTEST_2022_2023_S1/prompt_template.txt,2893,71a2128f63fd53cde4003652c3df1717186f09ff3ded4244cc418dc41ce9b8e0
data-backtest/GOLD_BACKTEST_2022_2023_S1/settings.json,369,107862dbd57ec0ea727f24f852a8c4528b75737b8b0e432fba92d04ae6cb8ce3
data-backtest/GOLD_BACKTEST_2022_2023_S2/ai_messages_redacted_NOTE.txt,199,91f03c0dcd216c803b818a91fea7daada7599e64a7df8f5cecefc4f52ad48da9
data-backtest/GOLD_BACKTEST_2022_2023_S2/backtest_summary.txt,1158,4360dd58b774523cec7ac432e433864e55e4c3f887c8c79f46b90969c38f7d62
data-backtest/GOLD_BACKTEST_2022_2023_S2/daily_returns.csv,23369,80e23593c98fabe5f3d00cad8a74f78d19b997861253f36b4fd2547411ce4e41
data-backtest/GOLD_BACKTEST_2022_2023_S2/prompt_template.txt,2893,71a2128f63fd53cde4003652c3df1717186f09ff3ded4244cc418dc41ce9b8e0
data-backtest/GOLD_BACKTEST_2022_2023_S2/settings.json,369,1a1d071f47bde414adfb5dbf9e7cc69312beac7085245be24618f50929d2253d
data-backtest/GOLD_BACKTEST_2024_2025_S0/backtest_summary.txt,1158,c84313305a0561308ec94ae11e6b3b445918172bab931c806c6f9545e0634a63
data-backtest/GOLD_BACKTEST_2024_2025_S0/daily_returns.csv,24652,61bf682b9267796e822432d3d491aa259b8bf18d5ff8055ac9f8d0b7d1492923
data-backtest/GOLD_BACKTEST_2024_2025_S0/prompt_template.txt,2893,71a2128f63fd53cde4003652c3df1717186f09ff3ded4244cc418dc41ce9b8e0
data-backtest/GOLD_BACKTEST_2024_2025_S0/settings.json,369,7183ddef16d6a42ad485cda2d0b5b4b35f3c0be42ea0a11f6409fe05c2fba83a
data-backtest/GOLD_BACKTEST_2024_2025_S1/backtest_summary.txt,1158,1f225b043c30da48dfe758f257b58c83eaed83dc0835db42bd12080589b7c9b1
data-backtest/GOLD_BACKTEST_2024_2025_S1/daily_returns.csv,29357,46094662825037be8f817391ba8fd9041ded950b0fb16484faeea1e7860bbee7
data-backtest/GOLD_BACKTEST_2024_2025_S1/prompt_template.txt,2893,71a2128f63fd53cde4003652c3df1717186f09ff3ded4244cc418dc41ce9b8e0
data-backtest/GOLD_BACKTEST_2024_2025_S1/settings.json,369,8b60f99d8f64119f131fdd07540da0e32c66ce9ef9b45227dbb23fea0b4cd470
data-backtest/GOLD_BACKTEST_2024_2025_S2/backtest_summary.txt,1158,59d533573c1ca33beecd983a63f61162dba62e63df9372997b28ab451d8e46f4
data-backtest/GOLD_BACKTEST_2024_2025_S2/daily_returns.csv,27906,28f07731c654a6bd1f0826d5c524be792f7161ac1b431b6e72cbad1fb0185178
data-backtest/GOLD_BACKTEST_2024_2025_S2/prompt_template.txt,2893,71a2128f63fd53cde4003652c3df1717186f09ff3ded4244cc418dc41ce9b8e0
data-backtest/GOLD_BACKTEST_2024_2025_S2/settings.json,369,9d274dc9258116ad7b5c1475e2e55848dab4d10c70757655712a526d5433bc4a
data-backtest/GOLD_BASELINE_2024_2025_S0/backtest_summary.txt,978,1a6cdd2cb4aab6722488ebfbf17164c0585a908d4c777c6869e5be10689dcb82
data-backtest/GOLD_BASELINE_2024_2025_S0/daily_returns.csv,26110,57a2a08627e1756f6e9f00b6c7f3178c826491ae8cca8c267a2a0536e185617f
data-backtest/GOLD_BASELINE_2024_2025_S0/prompt_template.txt,64,d96d4067b678c35a560e43980fe5a0cf51cfa98c81da5f16f35f1728cbd27e3b
data-backtest/GOLD_BASELINE_2024_2025_S0/settings.json,352,6ecdab69f3d349cc721fc5573deec7c26ad350dadda609221ed6e043150553dc
data-backtest/GOLD_BASELINE_2024_2025_S1/backtest_summary.txt,978,1a6cdd2cb4aab6722488ebfbf17164c0585a908d4c777c6869e5be10689dcb82
data-backtest/GOLD_BASELINE_2024_2025_S1/daily_returns.csv,26110,57a2a08627e1756f6e9f00b6c7f3178c826491ae8cca8c267a2a0536e185617f
data-backtest/GOLD_BASELINE_2024_2025_S1/prompt_template.txt,64,d96d4067b678c35a560e43980fe5a0cf51cfa98c81da5f16f35f1728cbd27e3b
data-backtest/GOLD_BASELINE_2024_2025_S1/settings.json,352,6ecdab69f3d349cc721fc5573deec7c26ad350dadda609221ed6e043150553dc
data-backtest/GOLD_BASELINE_2024_2025_S2/backtest_summary.txt,978,1a6cdd2cb4aab6722488ebfbf17164c0585a908d4c777c6869e5be10689dcb82
data-backtest/GOLD_BASELINE_2024_2025_S2/daily_returns.csv,26110,57a2a08627e1756f6e9f00b6c7f3178c826491ae8cca8c267a2a0536e185617f
data-backtest/GOLD_BASELINE_2024_2025_S2/prompt_template.txt,64,d96d4067b678c35a560e43980fe5a0cf51cfa98c81da5f16f35f1728cbd27e3b
data-backtest/GOLD_BASELINE_2024_2025_S2/settings.json,352,6ecdab69f3d349cc721fc5573deec7c26ad350dadda609221ed6e043150553dc
data-backtest/GOLD_Baseline_2008_2009_S0/ai_messages_redacted_NOTE.txt,199,91f03c0dcd216c803b818a91fea7daada7599e64a7df8f5cecefc4f52ad48da9
data-backtest/GOLD_Baseline_2008_2009_S0/backtest_summary.txt,978,507b3ea570bb551285dfcf2e917e9e257a69c168d535f8d3b9b3782e58b5c9b7
data-backtest/GOLD_Baseline_2008_2009_S0/daily_returns.csv,26585,fffbd492c9c5202c5452f3014bb993feda8996ffdb2c934132683ec467282346
data-backtest/GOLD_Baseline_2008_2009_S0/prompt_template.txt,64,d96d4067b678c35a560e43980fe5a0cf51cfa98c81da5f16f35f1728cbd27e3b
data-backtest/GOLD_Baseline_2008_2009_S0/settings.json,352,6b8f1d7b9504db8ea4abea08ad8c36694f93b70062bfcc25d0f16188e1132d81
data-backtest/GOLD_Baseline_2008_2009_S1/ai_messages_redacted_NOTE.txt,199,91f03c0dcd216c803b818a91fea7daada7599e64a7df8f5cecefc4f52ad48da9
data-backtest/GOLD_Baseline_2008_2009_S1/backtest_summary.txt,978,ca3a77e1a87f4215db9ec268cb75883f69c7c0cfc98f8287c9a275b5cddd5224
data-backtest/GOLD_Baseline_2008_2009_S1/daily_returns.csv,26585,fffbd492c9c5202c5452f3014bb993feda8996ffdb2c934132683ec467282346
data-backtest/GOLD_Baseline_2008_2009_S1/prompt_template.txt,64,d96d4067b678c35a560e43980fe5a0cf51cfa98c81da5f16f35f1728cbd27e3b
data-backtest/GOLD_Baseline_2008_2009_S1/settings.json,352,6b8f1d7b9504db8ea4abea08ad8c36694f93b70062bfcc25d0f16188e1132d81
data-backtest/GOLD_Baseline_2008_2009_S2/ai_messages_redacted_NOTE.txt,199,91f03c0dcd216c803b818a91fea7daada7599e64a7df8f5cecefc4f52ad48da9
data-backtest/GOLD_Baseline_2008_2009_S2/backtest_summary.txt,978,01af7b108a5c83d47166efca40c3b641c7613d45ed863948f9ba470a52cab433
data-backtest/GOLD_Baseline_2008_2009_S2/daily_returns.csv,26585,fffbd492c9c5202c5452f3014bb993feda8996ffdb2c934132683ec467282346
data-backtest/GOLD_Baseline_2008_2009_S2/prompt_template.txt,64,d96d4067b678c35a560e43980fe5a0cf51cfa98c81da5f16f35f1728cbd27e3b
data-backtest/GOLD_Baseline_2008_2009_S2/settings.json,352,6b8f1d7b9504db8ea4abea08ad8c36694f93b70062bfcc25d0f16188e1132d81
data-backtest/GOLD_Baseline_2020_2021_S0/ai_messages_redacted_NOTE.txt,199,91f03c0dcd216c803b818a91fea7daada7599e64a7df8f5cecefc4f52ad48da9
data-backtest/GOLD_Baseline_2020_2021_S0/backtest_summary.txt,978,463f41cb74e3daf7cc9f0de6c569a757d7a87e6a7de39a96b2f548ffd48e40af
data-backtest/GOLD_Baseline_2020_2021_S0/daily_returns.csv,28712,b8d7ff6fd450edd3fcd7fbfbf84e2e3a17e1793b2ec65dfcbc7332fa441622db
data-backtest/GOLD_Baseline_2020_2021_S0/prompt_template.txt,64,d96d4067b678c35a560e43980fe5a0cf51cfa98c81da5f16f35f1728cbd27e3b
data-backtest/GOLD_Baseline_2020_2021_S0/settings.json,352,0995fd276846f504ca2a8f23661117b1cdd3bfe170f66ffba9ef7224567b4838
data-backtest/GOLD_Baseline_2020_2021_S1/ai_messages_redacted_NOTE.txt,199,91f03c0dcd216c803b818a91fea7daada7599e64a7df8f5cecefc4f52ad48da9
data-backtest/GOLD_Baseline_2020_2021_S1/backtest_summary.txt,978,a49ca3c0dc75273330cfcf449be7ff325a8a99acf4a24391ed3cf313b25abf81
data-backtest/GOLD_Baseline_2020_2021_S1/daily_returns.csv,28712,b8d7ff6fd450edd3fcd7fbfbf84e2e3a17e1793b2ec65dfcbc7332fa441622db
data-backtest/GOLD_Baseline_2020_2021_S1/prompt_template.txt,64,d96d4067b678c35a560e43980fe5a0cf51cfa98c81da5f16f35f1728cbd27e3b
data-backtest/GOLD_Baseline_2020_2021_S1/settings.json,352,0995fd276846f504ca2a8f23661117b1cdd3bfe170f66ffba9ef7224567b4838
data-backtest/GOLD_Baseline_2020_2021_S2/ai_messages_redacted_NOTE.txt,199,91f03c0dcd216c803b818a91fea7daada7599e64a7df8f5cecefc4f52ad48da9
data-backtest/GOLD_Baseline_2020_2021_S2/backtest_summary.txt,978,8b545ef1e3707f612aabaf5ebcd6d035b6bf0d74aaf12e9eb780ef9aa8540793
data-backtest/GOLD_Baseline_2020_2021_S2/daily_returns.csv,28712,b8d7ff6fd450edd3fcd7fbfbf84e2e3a17e1793b2ec65dfcbc7332fa441622db
data-backtest/GOLD_Baseline_2020_2021_S2/prompt_template.txt,64,d96d4067b678c35a560e43980fe5a0cf51cfa98c81da5f16f35f1728cbd27e3b
data-backtest/GOLD_Baseline_2020_2021_S2/settings.json,352,0995fd276846f504ca2a8f23661117b1cdd3bfe170f66ffba9ef7224567b4838
data-backtest/GOLD_Baseline_2022_2023_S0/ai_messages_redacted_NOTE.txt,199,91f03c0dcd216c803b818a91fea7daada7599e64a7df8f5cecefc4f52ad48da9
data-backtest/GOLD_Baseline_2022_2023_S0/backtest_summary.txt,978,87bdb1a6f317eb75a0e25d7e9918285a734db03809bfd342d9919b008047ad04
data-backtest/GOLD_Baseline_2022_2023_S0/daily_returns.csv,26603,413edc9dea6a77a8a83146442b4fb0f736639a5eea498c98561f973c243786fc
data-backtest/GOLD_Baseline_2022_2023_S0/prompt_template.txt,64,d96d4067b678c35a560e43980fe5a0cf51cfa98c81da5f16f35f1728cbd27e3b
data-backtest/GOLD_Baseline_2022_2023_S0/settings.json,352,f55b976b4da2a604fad81f997bd6f53d0c1fea59401d43b4e69225b693209ad0
data-backtest/GOLD_Baseline_2022_2023_S1/ai_messages_redacted_NOTE.txt,199,91f03c0dcd216c803b818a91fea7daada7599e64a7df8f5cecefc4f52ad48da9
data-backtest/GOLD_Baseline_2022_2023_S1/backtest_summary.txt,978,8020dc6c4b4b80e722af0d61b28eb99130bcb4b0b2bb0bb2a6f1dd47941d27bc
data-backtest/GOLD_Baseline_2022_2023_S1/daily_returns.csv,26603,413edc9dea6a77a8a83146442b4fb0f736639a5eea498c98561f973c243786fc
data-backtest/GOLD_Baseline_2022_2023_S1/prompt_template.txt,64,d96d4067b678c35a560e43980fe5a0cf51cfa98c81da5f16f35f1728cbd27e3b
data-backtest/GOLD_Baseline_2022_2023_S1/settings.json,352,f55b976b4da2a604fad81f997bd6f53d0c1fea59401d43b4e69225b693209ad0
data-backtest/GOLD_Baseline_2022_2023_S2/ai_messages_redacted_NOTE.txt,199,91f03c0dcd216c803b818a91fea7daada7599e64a7df8f5cecefc4f52ad48da9
data-backtest/GOLD_Baseline_2022_2023_S2/backtest_summary.txt,978,c3d12a80c2e6d7b6a192c512c1e0123c07f6bef963b35e857a48b89512188a31
data-backtest/GOLD_Baseline_2022_2023_S2/daily_returns.csv,26603,413edc9dea6a77a8a83146442b4fb0f736639a5eea498c98561f973c243786fc
data-backtest/GOLD_Baseline_2022_2023_S2/prompt_template.txt,64,d96d4067b678c35a560e43980fe5a0cf51cfa98c81da5f16f35f1728cbd27e3b
data-backtest/GOLD_Baseline_2022_2023_S2/settings.json,352,f55b976b4da2a604fad81f997bd6f53d0c1fea59401d43b4e69225b693209ad0
data-backtest/GOLD_RMDB_2008_2009_S0/ai_messages_redacted_NOTE.txt,199,91f03c0dcd216c803b818a91fea7daada7599e64a7df8f5cecefc4f52ad48da9
data-backtest/GOLD_RMDB_2008_2009_S0/backtest_summary.txt,978,ba6b05d95afe66e0461c64182af840325f69e7ee80ab28f3cc4d40d7735e988f
data-backtest/GOLD_RMDB_2008_2009_S0/daily_returns.csv,26004,4e6bd64530024ab46607f93bc6d91274b98f849c1e2016c383ef0757be4d23f2
data-backtest/GOLD_RMDB_2008_2009_S0/prompt_template.txt,99,a1e18e029b056edff36a0c990e6bdab0833a14f77edd4c95909ac61a1d8ab00d
data-backtest/GOLD_RMDB_2008_2009_S0/settings.json,368,4b5bb7c1418ff2f5e181ced9876f16ec1555b7bb741cda82366178b218cc21fa
data-backtest/GOLD_RMDB_2008_2009_S1/ai_messages_redacted_NOTE.txt,199,91f03c0dcd216c803b818a91fea7daada7599e64a7df8f5cecefc4f52ad48da9
data-backtest/GOLD_RMDB_2008_2009_S1/backtest_summary.txt,978,9e2ad46ed236079d3b1e6ce2a0e4bb8efe72b9d0bd4cf0a11147733b7b80ca63
data-backtest/GOLD_RMDB_2008_2009_S1/daily_returns.csv,26004,4e6bd64530024ab46607f93bc6d91274b98f849c1e2016c383ef0757be4d23f2
data-backtest/GOLD_RMDB_2008_2009_S1/prompt_template.txt,99,a1e18e029b056edff36a0c990e6bdab0833a14f77edd4c95909ac61a1d8ab00d
data-backtest/GOLD_RMDB_2008_2009_S1/settings.json,368,4b5bb7c1418ff2f5e181ced9876f16ec1555b7bb741cda82366178b218cc21fa
data-backtest/GOLD_RMDB_2008_2009_S2/ai_messages_redacted_NOTE.txt,199,91f03c0dcd216c803b818a91fea7daada7599e64a7df8f5cecefc4f52ad48da9
data-backtest/GOLD_RMDB_2008_2009_S2/backtest_summary.txt,978,a71a3a28c308614020eaa29311da9f53f42510805cc90a80e82a88fc9b51eee6
data-backtest/GOLD_RMDB_2008_2009_S2/daily_returns.csv,26004,4e6bd64530024ab46607f93bc6d91274b98f849c1e2016c383ef0757be4d23f2
data-backtest/GOLD_RMDB_2008_2009_S2/prompt_template.txt,99,a1e18e029b056edff36a0c990e6bdab0833a14f77edd4c95909ac61a1d8ab00d
data-backtest/GOLD_RMDB_2008_2009_S2/settings.json,368,4b5bb7c1418ff2f5e181ced9876f16ec1555b7bb741cda82366178b218cc21fa
data-backtest/GOLD_RMDB_2020_2021_S0/ai_messages_redacted_NOTE.txt,199,91f03c0dcd216c803b818a91fea7daada7599e64a7df8f5cecefc4f52ad48da9
data-backtest/GOLD_RMDB_2020_2021_S0/backtest_summary.txt,978,a4e7d768258719917bf56d3d04217f39f6c9240474332986cef0e37afd11d1c8
data-backtest/GOLD_RMDB_2020_2021_S0/daily_returns.csv,27860,a15ebee9d2f50386721a69d251512abd58b73098009b40e4a526bcd68d22e2f2
data-backtest/GOLD_RMDB_2020_2021_S0/prompt_template.txt,99,a1e18e029b056edff36a0c990e6bdab0833a14f77edd4c95909ac61a1d8ab00d
data-backtest/GOLD_RMDB_2020_2021_S0/settings.json,368,db2329962a268469246c6bb13953c9a96897e4ac8ff49f22157419c9dd786f7d
data-backtest/GOLD_RMDB_2020_2021_S1/ai_messages_redacted_NOTE.txt,199,91f03c0dcd216c803b818a91fea7daada7599e64a7df8f5cecefc4f52ad48da9
data-backtest/GOLD_RMDB_2020_2021_S1/backtest_summary.txt,978,a3133632a502014cc25958da6b97123c57b8aced45fca1939496b8b5d5ba3187
data-backtest/GOLD_RMDB_2020_2021_S1/daily_returns.csv,27860,a15ebee9d2f50386721a69d251512abd58b73098009b40e4a526bcd68d22e2f2
data-backtest/GOLD_RMDB_2020_2021_S1/prompt_template.txt,99,a1e18e029b056edff36a0c990e6bdab0833a14f77edd4c95909ac61a1d8ab00d
data-backtest/GOLD_RMDB_2020_2021_S1/settings.json,368,db2329962a268469246c6bb13953c9a96897e4ac8ff49f22157419c9dd786f7d
data-backtest/GOLD_RMDB_2020_2021_S2/ai_messages_redacted_NOTE.txt,199,91f03c0dcd216c803b818a91fea7daada7599e64a7df8f5cecefc4f52ad48da9
data-backtest/GOLD_RMDB_2020_2021_S2/backtest_summary.txt,978,101988e03a94b220690d7100dab18195c07c072c08138ac52942cf87ebc97662
data-backtest/GOLD_RMDB_2020_2021_S2/daily_returns.csv,27860,a15ebee9d2f50386721a69d251512abd58b73098009b40e4a526bcd68d22e2f2
data-backtest/GOLD_RMDB_2020_2021_S2/prompt_template.txt,99,a1e18e029b056edff36a0c990e6bdab0833a14f77edd4c95909ac61a1d8ab00d
data-backtest/GOLD_RMDB_2020_2021_S2/settings.json,368,db2329962a268469246c6bb13953c9a96897e4ac8ff49f22157419c9dd786f7d
data-backtest/GOLD_RMDB_2022_2023_S0/ai_messages_redacted_NOTE.txt,199,91f03c0dcd216c803b818a91fea7daada7599e64a7df8f5cecefc4f52ad48da9
data-backtest/GOLD_RMDB_2022_2023_S0/backtest_summary.txt,978,7b94fc3dffee5b92fbb5d682dd69e93c68d891bd98e7f720ae442a9b63936a12
data-backtest/GOLD_RMDB_2022_2023_S0/daily_returns.csv,26565,95d5fd22bbdb39cc55a2169bd59c141b7c3938c27ae7b260c4df3d9d9b08e1ab
data-backtest/GOLD_RMDB_2022_2023_S0/prompt_template.txt,99,a1e18e029b056edff36a0c990e6bdab0833a14f77edd4c95909ac61a1d8ab00d
data-backtest/GOLD_RMDB_2022_2023_S0/settings.json,368,d871760b7529daeb8e37aff1c6eb7faa204455417b085c253fe2a89c8fe40097
data-backtest/GOLD_RMDB_2022_2023_S1/ai_messages_redacted_NOTE.txt,199,91f03c0dcd216c803b818a91fea7daada7599e64a7df8f5cecefc4f52ad48da9
data-backtest/GOLD_RMDB_2022_2023_S1/backtest_summary.txt,978,45b9befe47a9275decf70d364e027c4ec978c5355e1b1f24f406320b54a85bcd
data-backtest/GOLD_RMDB_2022_2023_S1/daily_returns.csv,26565,95d5fd22bbdb39cc55a2169bd59c141b7c3938c27ae7b260c4df3d9d9b08e1ab
data-backtest/GOLD_RMDB_2022_2023_S1/prompt_template.txt,99,a1e18e029b056edff36a0c990e6bdab0833a14f77edd4c95909ac61a1d8ab00d
data-backtest/GOLD_RMDB_2022_2023_S1/settings.json,368,d871760b7529daeb8e37aff1c6eb7faa204455417b085c253fe2a89c8fe40097
data-backtest/GOLD_RMDB_2022_2023_S2/ai_messages_redacted_NOTE.txt,199,91f03c0dcd216c803b818a91fea7daada7599e64a7df8f5cecefc4f52ad48da9
data-backtest/GOLD_RMDB_2022_2023_S2/backtest_summary.txt,978,a6eac25331bca66c4f0f000cdaba5f61a6f0e963dd2f5d091e9bbf84fa0edcb6
data-backtest/GOLD_RMDB_2022_2023_S2/daily_returns.csv,26565,95d5fd22bbdb39cc55a2169bd59c141b7c3938c27ae7b260c4df3d9d9b08e1ab
data-backtest/GOLD_RMDB_2022_2023_S2/prompt_template.txt,99,a1e18e029b056edff36a0c990e6bdab0833a14f77edd4c95909ac61a1d8ab00d
data-backtest/GOLD_RMDB_2022_2023_S2/settings.json,368,d871760b7529daeb8e37aff1c6eb7faa204455417b085c253fe2a89c8fe40097
data-backtest/GOLD_RMDB_2024_2025_S0/backtest_summary.txt,978,7a5c7af7797b7ed67381b7fd9f70efc0c21815b00051327c68c5c315af651bf9
data-backtest/GOLD_RMDB_2024_2025_S0/daily_returns.csv,25483,0b869a83565edd41954a5f875e7e64e79b6a1cc8088853ca94328ef3bf729d3d
data-backtest/GOLD_RMDB_2024_2025_S0/prompt_template.txt,99,a1e18e029b056edff36a0c990e6bdab0833a14f77edd4c95909ac61a1d8ab00d
data-backtest/GOLD_RMDB_2024_2025_S0/settings.json,368,d47a7d834d9e6572494b84c4be9bd093c7ecc37ba411d604f2d3790486ddffe3
data-backtest/GOLD_RMDB_2024_2025_S1/backtest_summary.txt,978,7a5c7af7797b7ed67381b7fd9f70efc0c21815b00051327c68c5c315af651bf9
data-backtest/GOLD_RMDB_2024_2025_S1/daily_returns.csv,25483,0b869a83565edd41954a5f875e7e64e79b6a1cc8088853ca94328ef3bf729d3d
data-backtest/GOLD_RMDB_2024_2025_S1/prompt_template.txt,99,a1e18e029b056edff36a0c990e6bdab0833a14f77edd4c95909ac61a1d8ab00d
data-backtest/GOLD_RMDB_2024_2025_S1/settings.json,368,d47a7d834d9e6572494b84c4be9bd093c7ecc37ba411d604f2d3790486ddffe3
data-backtest/GOLD_RMDB_2024_2025_S2/backtest_summary.txt,978,7a5c7af7797b7ed67381b7fd9f70efc0c21815b00051327c68c5c315af651bf9
data-backtest/GOLD_RMDB_2024_2025_S2/daily_returns.csv,25483,0b869a83565edd41954a5f875e7e64e79b6a1cc8088853ca94328ef3bf729d3d
data-backtest/GOLD_RMDB_2024_2025_S2/prompt_template.txt,99,a1e18e029b056edff36a0c990e6bdab0833a14f77edd4c95909ac61a1d8ab00d
data-backtest/GOLD_RMDB_2024_2025_S2/settings.json,368,d47a7d834d9e6572494b84c4be9bd093c7ecc37ba411d604f2d3790486ddffe3
data-backtest/GOLD_SVM_2008_2009_S0/backtest_summary.txt,778,14db0dba437d9305c9ade95045d53ee399e5427809ed3fdd23511447d7143567
data-backtest/GOLD_SVM_2008_2009_S0/daily_returns.csv,8205,ea65dfe0dfc22b9be610b44342cbd6cba89ad51ee687896b0bfd731d75d66464
data-backtest/GOLD_SVM_2008_2009_S1/backtest_summary.txt,778,abb55ed245100b366cf6d71e98ad5b579661e33ba248a980a7148ea32b55c1f4
data-backtest/GOLD_SVM_2008_2009_S1/daily_returns.csv,8207,8f01d64566f83db91ea7e3283107d31628b13ddba14c2cac6a04c219a8fc7b66
data-backtest/GOLD_SVM_2008_2009_S2/backtest_summary.txt,778,6c527c17076832cdd40ed859d43dd50a083093bdeeee36dda2c691f2322352e7
data-backtest/GOLD_SVM_2008_2009_S2/daily_returns.csv,8206,3dd1a2e2fcca0364597953ee91398016d568db335c0e7c496ea79651aba7d983
data-backtest/GOLD_SVM_2020_2021_S0/backtest_summary.txt,778,5958c09f60032c8026967e251dd8124a59221d4ac1602ad8b82d0c06a9dfdcb3
data-backtest/GOLD_SVM_2020_2021_S0/daily_returns.csv,8585,c1ac8ef8310c2660e9416194a416db577ee45cc19bd15fd743906bfc53a680e6
data-backtest/GOLD_SVM_2020_2021_S1/backtest_summary.txt,778,55227da76f1095cf9ff1c79da3065133918a353e43d40d22123f90140a7f30be
data-backtest/GOLD_SVM_2020_2021_S1/daily_returns.csv,8587,29d5433440f5e2ff7a91040bd88718b222243bafa5dbfce692746ba56186b650
data-backtest/GOLD_SVM_2020_2021_S2/backtest_summary.txt,778,1ee10454ef6a57770bd89b1f5143800c7748fb5ce1e516c40b55b020b3d69318
data-backtest/GOLD_SVM_2020_2021_S2/daily_returns.csv,8581,3facc1347943e1b2830bdf125123ee041868a3b05fb81fd9b20e9aa5a8f448ee
data-backtest/GOLD_SVM_2022_2023_S0/backtest_summary.txt,778,c84463a6aacaa59906c88ecaa69b83912ea14b282731cc4fe9e207fc72d260d1
data-backtest/GOLD_SVM_2022_2023_S0/daily_returns.csv,9979,3dd89747c573fd07881f02968f347e302eb7dd49fc974ae8b7e40273f21cd9bf
data-backtest/GOLD_SVM_2022_2023_S1/backtest_summary.txt,778,cfb000080d236e852bba3e00697265ab41fb6d1849134715804b7268723b7f28
data-backtest/GOLD_SVM_2022_2023_S1/daily_returns.csv,10018,79d722331b7e34f593fef458efbd59371385ed7a8c68b47b109b0255718e7d59
data-backtest/GOLD_SVM_2022_2023_S2/backtest_summary.txt,778,8607806dd1fb8d4467e76afcefaa1193535147e601e2ba809c03cdb6d097e909
data-backtest/GOLD_SVM_2022_2023_S2/daily_returns.csv,9993,dfdc4f22bdf55150e891bede36d779e9e3ed263a960e453d6335076c6c2d27f1
data-backtest/GOLD_SVM_2024_2025_S0/backtest_summary.txt,778,687050551e1e4b073110d69d04721a5358466a00bd6f64842a942ca2fe5e3b18
data-backtest/GOLD_SVM_2024_2025_S0/daily_returns.csv,8323,027b5b2472ffe6d00cdd592c897d3085e9a7405ddc8a7be089c110422a133d2e
data-backtest/GOLD_SVM_2024_2025_S1/backtest_summary.txt,778,4c47c1da6518e4c12415ef2f1f3da93ad6def538b3f5147bd095ad0841340398
data-backtest/GOLD_SVM_2024_2025_S1/daily_returns.csv,8323,027b5b2472ffe6d00cdd592c897d3085e9a7405ddc8a7be089c110422a133d2e
data-backtest/GOLD_SVM_2024_2025_S2/backtest_summary.txt,778,38303cadea7646045c27c70c9095b5547408f208a62437b2a41d791f394308fe
data-backtest/GOLD_SVM_2024_2025_S2/daily_returns.csv,8323,027b5b2472ffe6d00cdd592c897d3085e9a7405ddc8a7be089c110422a133d2e
data-backtest/GOLD_XGBOOST_2008_2009_S0/backtest_summary.txt,818,dc065b8fad54312a598dd41ba34752136e1958aeda4d9789bf945f53f5d886c8
data-backtest/GOLD_XGBOOST_2008_2009_S0/daily_returns.csv,14199,6b40160c242a40ecb968b0bb44fa0c5866b81fbe0c157e1724e88bde996379f3
data-backtest/GOLD_XGBOOST_2008_2009_S1/backtest_summary.txt,818,45ebb6bd456047162161a329b094bdcbb46fa65f8775f80ef3b2b5e9a1a6a24a
data-backtest/GOLD_XGBOOST_2008_2009_S1/daily_returns.csv,14252,3aef96f2abf4d8d385cf221de91100ec4dc792e4134f2ebe3f1a18f613aea62e
data-backtest/GOLD_XGBOOST_2008_2009_S2/backtest_summary.txt,818,cb4d57a4716bc56684c091cbb0ff89eaa4c5c8df324b1c5ed32a0773885bc245
data-backtest/GOLD_XGBOOST_2008_2009_S2/daily_returns.csv,14244,84d0485be7e5fae210ed706e682f52508f16f4c94326e8294a1fe78f766f35cc
data-backtest/GOLD_XGBOOST_2020_2021_S0/backtest_summary.txt,818,6abfcee5ea890539221a5564764588b858557303621e43f0c1ddffbfd0fac767
data-backtest/GOLD_XGBOOST_2020_2021_S0/daily_returns.csv,11611,8b2d322280303080f6645921748efff9e6b82e59814605cace384bcdae6ea941
data-backtest/GOLD_XGBOOST_2020_2021_S1/backtest_summary.txt,818,cb15f57a99337f8993fc21f6111f1a61dfbe9567d89606387095756b18181189
data-backtest/GOLD_XGBOOST_2020_2021_S1/daily_returns.csv,11657,f68d46df9e0d59d7869b0fa5b30a91a324307a6c39c9e6554fe08eec9ff1efe1
data-backtest/GOLD_XGBOOST_2020_2021_S2/backtest_summary.txt,818,fdee9366b5a61060bf0f44f7fe72b0e931ebef908a1fac7e8c8daa4d7c9f7a33
data-backtest/GOLD_XGBOOST_2020_2021_S2/daily_returns.csv,11606,72a81d2b86cbfe2db4ff49739e5a434ef95b63d36319c6f003c6006dbc246847
data-backtest/GOLD_XGBOOST_2022_2023_S0/backtest_summary.txt,818,527fc8ed8761c0bd6abd8a83dd98b8c25a4bd66fc24ff7988fc244223537505f
data-backtest/GOLD_XGBOOST_2022_2023_S0/daily_returns.csv,10158,1715740ec88cdb0775d04f700c7690dc6cb9cbbb65afc1836f28ff326f8760b9
data-backtest/GOLD_XGBOOST_2022_2023_S1/backtest_summary.txt,818,539009c89aab7bb2ccf615df603e7fba76c603bbff93e69dd2eaca355d47e97a
data-backtest/GOLD_XGBOOST_2022_2023_S1/daily_returns.csv,10190,4dbfcf0c607460dd4c2fb69ada81187efdefb85ca8164ebfc6283ae693efff12
data-backtest/GOLD_XGBOOST_2022_2023_S2/backtest_summary.txt,818,0ee93eafd52a7f77da66eb4c9d8e98700e477dbe48258a7b07fd54916efb21bc
data-backtest/GOLD_XGBOOST_2022_2023_S2/daily_returns.csv,10174,2b8489a04f3821919d2e331d8fa68974fec472c2a9c3f9e15db21a65cdadd4cb
data-backtest/GOLD_XGBOOST_2024_2025_S0/backtest_summary.txt,818,40dc2467c6d20559d79aed6c1ad4722303448b80a45bd4dceeb7338cb29d4ade
data-backtest/GOLD_XGBOOST_2024_2025_S0/daily_returns.csv,11441,9d697315dbe434b28b15268cd174447bb6412b9cf250ed95c6279b8f912763b2
data-backtest/GOLD_XGBOOST_2024_2025_S1/backtest_summary.txt,818,44ae564f206a86469bce940af22ec3331d2fbd578f13bb062cacc4994799b197
data-backtest/GOLD_XGBOOST_2024_2025_S1/daily_returns.csv,11459,2c0fb61e6be52bf2a68e7dd5a229c66b5e5a0109677029978f11df3641b7c64f
data-backtest/GOLD_XGBOOST_2024_2025_S2/backtest_summary.txt,818,dd1b89cbbc3fa2395ecf8c1b8dfe54bd5689491bbea887b7854234d5273d584a
data-backtest/GOLD_XGBOOST_2024_2025_S2/daily_returns.csv,11451,d167e224d7193d5dead8f8b1ed7f9775e47cf0947f1dda3c1750987fe597f265
data-backtest2/AAPL_BACKTEST_ROBUST_2008_2009_S0/ai_messages_redacted_NOTE.txt,199,91f03c0dcd216c803b818a91fea7daada7599e64a7df8f5cecefc4f52ad48da9
data-backtest2/AAPL_BACKTEST_ROBUST_2008_2009_S0/backtest_summary.txt,1158,42695e9d50259c0e817793f1ac311549b2020f1f6d7dd577998a42299e155174
data-backtest2/AAPL_BACKTEST_ROBUST_2008_2009_S0/daily_returns.csv,25444,7320659f094ea3f17804128eb2ef600a85d9fdcc3d554bf72267b764a9fdf48a
data-backtest2/AAPL_BACKTEST_ROBUST_2008_2009_S0/prompt_template.txt,2893,71a2128f63fd53cde4003652c3df1717186f09ff3ded4244cc418dc41ce9b8e0
data-backtest2/AAPL_BACKTEST_ROBUST_2008_2009_S0/settings.json,369,6704f7600d7beda87cb3d51248c29871176be713a01e3b560c6354da207e97f2
data-backtest2/AAPL_BACKTEST_ROBUST_2020_2021_S0/ai_messages_redacted_NOTE.txt,199,91f03c0dcd216c803b818a91fea7daada7599e64a7df8f5cecefc4f52ad48da9
data-backtest2/AAPL_BACKTEST_ROBUST_2020_2021_S0/backtest_summary.txt,1158,f4373217eb4972341220ce422fe0da83250e8d1aed4d2b3a1f241a6944a7a8ad
data-backtest2/AAPL_BACKTEST_ROBUST_2020_2021_S0/daily_returns.csv,28302,dc8a58437fc658b1121b844883a45c0b2a4323040df6dd74405b38658736886a
data-backtest2/AAPL_BACKTEST_ROBUST_2020_2021_S0/prompt_template.txt,2893,71a2128f63fd53cde4003652c3df1717186f09ff3ded4244cc418dc41ce9b8e0
data-backtest2/AAPL_BACKTEST_ROBUST_2020_2021_S0/settings.json,369,3fa94b87948b451342239b5e6bc7925c05924f2843550430bc08436a38c257fd
data-backtest2/AAPL_BACKTEST_ROBUST_2022_2023_S0/ai_messages_redacted_NOTE.txt,199,91f03c0dcd216c803b818a91fea7daada7599e64a7df8f5cecefc4f52ad48da9
data-backtest2/AAPL_BACKTEST_ROBUST_2022_2023_S0/backtest_summary.txt,1158,e43189d24b98919c22d7b61ea5c2ed163f148162c302ee4a44de6d951261b846
data-backtest2/AAPL_BACKTEST_ROBUST_2022_2023_S0/daily_returns.csv,22782,ca17a132afba22770d056bd7fec99eb0524b49a55b3beaa8dd82380994b0af6b
data-backtest2/AAPL_BACKTEST_ROBUST_2022_2023_S0/prompt_template.txt,2893,71a2128f63fd53cde4003652c3df1717186f09ff3ded4244cc418dc41ce9b8e0
data-backtest2/AAPL_BACKTEST_ROBUST_2022_2023_S0/settings.json,369,a15569fc800cceddee3cd4c79be1bd9c71f4368e6aedd84ab81d4908a6a8bf65
data-backtest2/AAPL_BACKTEST_ROBUST_2024_2025_S0/backtest_summary.txt,1158,c539f83d94c49fbfba4c1a5d3f22d23216c9bb3e34bf801776544142230ea32b
data-backtest2/AAPL_BACKTEST_ROBUST_2024_2025_S0/daily_returns.csv,23519,175a6c2c359e2611ce0aab0f5230d5ddf21c4a8cb3e3b5a5ecb394c8b8c9d20d
data-backtest2/AAPL_BACKTEST_ROBUST_2024_2025_S0/prompt_template.txt,2893,71a2128f63fd53cde4003652c3df1717186f09ff3ded4244cc418dc41ce9b8e0
data-backtest2/AAPL_BACKTEST_ROBUST_2024_2025_S0/settings.json,369,e42112563badaf43b0c64ec2bc1b56179bbaa773861bbc31e4c901dc62c0f49c
data-backtest2/AAPL_SVM_2008_2009_S0/backtest_summary.txt,778,f04571d557c3eca804d41a59aaea558a1a461de0ba68017225f5d143ebe4370f
data-backtest2/AAPL_SVM_2008_2009_S0/daily_returns.csv,13256,e02faaf8a5115515640b107a0da85ad10efeea8a419b8dc59852237a664bc6f7
data-backtest2/AAPL_SVM_2008_2009_S1/backtest_summary.txt,778,30654d4fa5ad9cc37ac19d9438db02dcfcd711bae8e48e00a28ea12baa1df068
data-backtest2/AAPL_SVM_2008_2009_S1/daily_returns.csv,13257,905048f6639c83d886ef5538f4e3e320465a5658448dcd687894eaa814b1e2f4
data-backtest2/AAPL_SVM_2008_2009_S2/backtest_summary.txt,778,269422cce6fc1b1f23df4bd980a08efbd0fd8eda689eb492820f06aaee249fce
data-backtest2/AAPL_SVM_2008_2009_S2/daily_returns.csv,13247,6bb161837737dde484f901d683479a331a79db6488af5f259da0ccc98887a66a
data-backtest2/AAPL_SVM_2020_2021_S0/backtest_summary.txt,778,d0680e7802a84c8a18e5f6f117c34c022710b718399f865a55269ff9e77b1837
data-backtest2/AAPL_SVM_2020_2021_S0/daily_returns.csv,8099,73583dde27bffd7c3d7c39038c72f6673753f315a217a82a7a3370b1050f368c
data-backtest2/AAPL_SVM_2020_2021_S1/backtest_summary.txt,778,0c98b3465258b6d998314943a5a9fd71b2fc183f321cade82f6af134c0234a6c
data-backtest2/AAPL_SVM_2020_2021_S1/daily_returns.csv,8099,73583dde27bffd7c3d7c39038c72f6673753f315a217a82a7a3370b1050f368c
data-backtest2/AAPL_SVM_2020_2021_S2/backtest_summary.txt,778,238d48bb0fd0c38a23c4a8f9dda8d9f8b7c2daf0105bdfc080e9d7328c001243
data-backtest2/AAPL_SVM_2020_2021_S2/daily_returns.csv,8099,73583dde27bffd7c3d7c39038c72f6673753f315a217a82a7a3370b1050f368c
data-backtest2/AAPL_SVM_2022_2023_S0/backtest_summary.txt,778,95391f0dd55d818c74ddfb326dd37c84736db63ad6be42d0b59cf02265eb398a
data-backtest2/AAPL_SVM_2022_2023_S0/daily_returns.csv,7507,3786ebf97489c4d00d2eaffc6c5dc791d0e894fe86382455fe793ec218ceba0d
data-backtest2/AAPL_SVM_2022_2023_S1/backtest_summary.txt,778,ed12708d16a5d3c5fb54c9d21c596e52c015d253a5a2ef1ffbed2e9c4a5c1aef
data-backtest2/AAPL_SVM_2022_2023_S1/daily_returns.csv,7507,3786ebf97489c4d00d2eaffc6c5dc791d0e894fe86382455fe793ec218ceba0d
data-backtest2/AAPL_SVM_2022_2023_S2/backtest_summary.txt,778,8660c2098b5c59e97a7f1e529289f50b4d20d4e504367e70d8a483b80dfb1a17
data-backtest2/AAPL_SVM_2022_2023_S2/daily_returns.csv,7507,3786ebf97489c4d00d2eaffc6c5dc791d0e894fe86382455fe793ec218ceba0d
data-backtest2/AAPL_SVM_2024_2025_S0/backtest_summary.txt,778,76646d52b301d113aeec5c10839b79f18122509304c4d8dc3fe2873424410ead
data-backtest2/AAPL_SVM_2024_2025_S0/daily_returns.csv,9040,7c3e60e0d932bc60b16781422baf25c7278bf90385008d9169c68ca07b63b17d
data-backtest2/AAPL_SVM_2024_2025_S1/backtest_summary.txt,778,e228024ac98e1e9a365cb4ef69600846bfa782db79d03d2721d29d1205e31dcf
data-backtest2/AAPL_SVM_2024_2025_S1/daily_returns.csv,9040,d26e84092233993ee3360db8bdba51bac8016beebaf10445943961f33f7fa1c0
data-backtest2/AAPL_SVM_2024_2025_S2/backtest_summary.txt,778,8c12da06047eb26b0f75d96af3e46478c69929d8638f21e40b37e435f2c1712c
data-backtest2/AAPL_SVM_2024_2025_S2/daily_returns.csv,9047,69fed505b933655bacc86d671e9208e0122aed112c5ede38ea8d53b960f033b6
data-backtest2/AAPL_XGBOOST_2008_2009_S0/backtest_summary.txt,818,025e5e1a0129c26a319e43b8b3cdaced59ea4d05a7ef8079a6626f061ac34546
data-backtest2/AAPL_XGBOOST_2008_2009_S0/daily_returns.csv,13313,56df843463702c638d423a798bc6daa7f68566b3e41b38bc8686fbb4d44ab16d
data-backtest2/AAPL_XGBOOST_2008_2009_S1/backtest_summary.txt,818,2321ff9518d3509e7e10b296ef25f73eb47ce963332aa0d34dd1af62416a3281
data-backtest2/AAPL_XGBOOST_2008_2009_S1/daily_returns.csv,13317,75fb63b0e6a1789c5ea6aaf4f549ff1811777c867f537f065c9229041a32e626
data-backtest2/AAPL_XGBOOST_2008_2009_S2/backtest_summary.txt,818,289c474dc8b8f6942e94070f473081e636d9289304c10d4998630a122ee77551
data-backtest2/AAPL_XGBOOST_2008_2009_S2/daily_returns.csv,13321,7940660f779b6848a877d4d0c8f37169856916ec2136b84efcf6ac619222f1e0
data-backtest2/AAPL_XGBOOST_2020_2021_S0/backtest_summary.txt,818,51fff98a8461430411f79a1a33915fe4fd0ec3c2e8648c9d9c59ab46eae8f201
data-backtest2/AAPL_XGBOOST_2020_2021_S0/daily_returns.csv,13116,bf8c083a1b38bab540646b16465de8b7fd4ad3e1efc89c053abaaf9fcfecc34b
data-backtest2/AAPL_XGBOOST_2020_2021_S1/backtest_summary.txt,818,bb4bc12feeb91e732419e73b8d5a1250fb97742f29c8aacbb37726327edcbe5d
data-backtest2/AAPL_XGBOOST_2020_2021_S1/daily_returns.csv,13114,12ed5643f52d52a378ab7515eec493a2137339a0ec26f41b33103f7b79b9ab46
data-backtest2/AAPL_XGBOOST_2020_2021_S2/backtest_summary.txt,818,3bc2a516102893dd08861d81564ed406655f8e415073381f52fc94d3563d8a06
data-backtest2/AAPL_XGBOOST_2020_2021_S2/daily_returns.csv,13127,2bec7428248fc66f8ab3cd4f8cbf8776c76d34deded0782822eee4510ab57509
data-backtest2/AAPL_XGBOOST_2022_2023_S0/backtest_summary.txt,818,60df315cc55fd3772bb5d3b6241b64408c52851743d929fe015f51b9a8e9c9f0
data-backtest2/AAPL_XGBOOST_2022_2023_S0/daily_returns.csv,11978,37ecd025907ea9a26afcc4dbb549cdea2ca8c5df2407cc03ae82e9f3728d5f7a
data-backtest2/AAPL_XGBOOST_2022_2023_S1/backtest_summary.txt,818,99717dad236e0e2b4f021ae6fb1242542f2672fb7194f3410c5015e32b4ac776
data-backtest2/AAPL_XGBOOST_2022_2023_S1/daily_returns.csv,11983,8a4b2c2c9e4771481d2299515b28e075f2349bf42090d9ae70a54173ca06e447
data-backtest2/AAPL_XGBOOST_2022_2023_S2/backtest_summary.txt,818,2c7ca30306fe638a35836d7c16d99c438c05e5769e0b423783189c28838f47b7
data-backtest2/AAPL_XGBOOST_2022_2023_S2/daily_returns.csv,11980,5751e13b910c788ebab8fd65765877d16e28df6ba6f9cbf06896bf5f1c9a89a6
data-backtest2/AAPL_XGBOOST_2024_2025_S0/backtest_summary.txt,818,91af5887fab86ce1628541036905a491946fa98d857f6d4ad9d0c66f01669f09
data-backtest2/AAPL_XGBOOST_2024_2025_S0/daily_returns.csv,13874,db02e7c74823a2251edd9e73e3b1b7e42d2fdd6a2d56e9f5848d0adabcdf4df2
data-backtest2/AAPL_XGBOOST_2024_2025_S1/backtest_summary.txt,818,14601766a1c9f322b4233795303eed999155f1a52c18b0da491c477a1332d408
data-backtest2/AAPL_XGBOOST_2024_2025_S1/daily_returns.csv,13897,638d7818de6cb64bc40e7e41c8cd9f98d78723e748f45e4a051ac1dadbdfe330
data-backtest2/AAPL_XGBOOST_2024_2025_S2/backtest_summary.txt,818,9450f54a4bd7827a054ccd8b8a3f60d9179efb1e273758acab8107d9a415f28d
data-backtest2/AAPL_XGBOOST_2024_2025_S2/daily_returns.csv,13909,090f479676d9db1dd7922dd980d30b942827fbbcd255065de20a3942c088430f
data-backtest2/GOLD_BACKTEST_ROBUST_2008_2009_S0/ai_messages_redacted_NOTE.txt,199,91f03c0dcd216c803b818a91fea7daada7599e64a7df8f5cecefc4f52ad48da9
data-backtest2/GOLD_BACKTEST_ROBUST_2008_2009_S0/backtest_summary.txt,1158,9ddc78e4e9bbafadbb02861eb6be96ec3e0b8d227ced0f81153739c2c98baca9
data-backtest2/GOLD_BACKTEST_ROBUST_2008_2009_S0/daily_returns.csv,29666,1ba42ffd4498b740bd53de337abb5feadb7e37cea8cc62379eed84583c01b36d
data-backtest2/GOLD_BACKTEST_ROBUST_2008_2009_S0/prompt_template.txt,2893,71a2128f63fd53cde4003652c3df1717186f09ff3ded4244cc418dc41ce9b8e0
data-backtest2/GOLD_BACKTEST_ROBUST_2008_2009_S0/settings.json,369,e37942c83860f2f0e5a323115b9fc2f4e1e4feb4aaaaeffa6bf4e9c0c56c25d0
data-backtest2/GOLD_BACKTEST_ROBUST_2020_2021_S0/ai_messages_redacted_NOTE.txt,199,91f03c0dcd216c803b818a91fea7daada7599e64a7df8f5cecefc4f52ad48da9
data-backtest2/GOLD_BACKTEST_ROBUST_2020_2021_S0/backtest_summary.txt,1158,1bfa11a637cd283d07c3026f7241ae4ed3fe33bea1edf3875cc9792ec33fdb8f
data-backtest2/GOLD_BACKTEST_ROBUST_2020_2021_S0/daily_returns.csv,24354,68024d972857df5266c932c1ab7fa71015990658296251738ee021d82f5b2ad2
data-backtest2/GOLD_BACKTEST_ROBUST_2020_2021_S0/prompt_template.txt,2893,71a2128f63fd53cde4003652c3df1717186f09ff3ded4244cc418dc41ce9b8e0
data-backtest2/GOLD_BACKTEST_ROBUST_2020_2021_S0/settings.json,369,adea93d3d1130251f0cac7d426a6abf4a20f57e4b85f667cf77e10a8eec740ec
data-backtest2/GOLD_BACKTEST_ROBUST_2022_2023_S0/ai_messages_redacted_NOTE.txt,199,91f03c0dcd216c803b818a91fea7daada7599e64a7df8f5cecefc4f52ad48da9
data-backtest2/GOLD_BACKTEST_ROBUST_2022_2023_S0/backtest_summary.txt,1158,241b8fb4885223830b25d0452b382ccbb1747625228c380fba8bf8fef9dab2b9
data-backtest2/GOLD_BACKTEST_ROBUST_2022_2023_S0/daily_returns.csv,26174,484170196f3c31e8ebb8ca8c851905828feeb5411ffaeff2bd6b46e2acca164d
data-backtest2/GOLD_BACKTEST_ROBUST_2022_2023_S0/prompt_template.txt,2893,71a2128f63fd53cde4003652c3df1717186f09ff3ded4244cc418dc41ce9b8e0
data-backtest2/GOLD_BACKTEST_ROBUST_2022_2023_S0/settings.json,369,6b493bf32a8c322519f5a9ad6fb560a7d3e2a5d87e2804fa4f32dbf72556213e
data-backtest2/GOLD_BACKTEST_ROBUST_2024_2025_S0/backtest_summary.txt,1158,fef0bf03e891e1beec81aac2eb2fce7714850c55d471daf163ed2cbce6816240
data-backtest2/GOLD_BACKTEST_ROBUST_2024_2025_S0/daily_returns.csv,26858,658c6ce0d5fc0a9caa24b90d3f65cd8761cfef42fa73b04e81f0600e709bef6c
data-backtest2/GOLD_BACKTEST_ROBUST_2024_2025_S0/prompt_template.txt,2893,71a2128f63fd53cde4003652c3df1717186f09ff3ded4244cc418dc41ce9b8e0
data-backtest2/GOLD_BACKTEST_ROBUST_2024_2025_S0/settings.json,369,7183ddef16d6a42ad485cda2d0b5b4b35f3c0be42ea0a11f6409fe05c2fba83a
data-backtest2/GOLD_SVM_2008_2009_S0/backtest_summary.txt,778,ed4bbc7bd3f87be60c095daedc061ef3a5dd863f38ac538b5b37c206038a927e
data-backtest2/GOLD_SVM_2008_2009_S0/daily_returns.csv,8756,426f1eff8a61023d5e2743ebedf7a27701a2eeadb3f74fb301fee911d6299b9b
data-backtest2/GOLD_SVM_2008_2009_S1/backtest_summary.txt,778,3dbe8dd26cc447f02ec7f07beb25cd931c1b235b1a2c2e82b585283edf6d0d82
data-backtest2/GOLD_SVM_2008_2009_S1/daily_returns.csv,8758,b56f4c5543d3d2b50876d6a86a45d2e01d18773618c2d179569edc6c70d14811
data-backtest2/GOLD_SVM_2008_2009_S2/backtest_summary.txt,778,3c043d4b6681749f5f534988f06dffc263b5b6fea73dca55e4465aebc8c116f8
data-backtest2/GOLD_SVM_2008_2009_S2/daily_returns.csv,8767,c4f128d1c65cfb442e2e359395bb3d2348f2c79096b8621ab1d8413eeb2f21ef
data-backtest2/GOLD_SVM_2020_2021_S0/backtest_summary.txt,778,75aaefc4b4cf208afd7d169ff88da6865478e0890111c240919104f30d5d52a1
data-backtest2/GOLD_SVM_2020_2021_S0/daily_returns.csv,8402,f4e4d8d5d376d3905227c5031d065f64f958855bdcdb344328eae2671cf47b1f
data-backtest2/GOLD_SVM_2020_2021_S1/backtest_summary.txt,778,eee6cbb6497b9ed402bfc4d870a51285274fdcb53f64f1f64b928a8820ea0e41
data-backtest2/GOLD_SVM_2020_2021_S1/daily_returns.csv,8401,9aeb88d891d3f664eea95924bf1fd3135db2a290807116b1010c7074777ff5c9
data-backtest2/GOLD_SVM_2020_2021_S2/backtest_summary.txt,778,3ed4e6bcc6c25120d79a5940e9d09e42084eb4895593fa730c2c87d375ea136e
data-backtest2/GOLD_SVM_2020_2021_S2/daily_returns.csv,8403,ed477a865b3da02cd66be22b1e843636831d77f71366f2b2f2fc0ed63286962b
data-backtest2/GOLD_SVM_2022_2023_S0/backtest_summary.txt,778,fd2185c4be1446403d75492f2b322bffdcebe882db5ddc8818703f54ced2e544
data-backtest2/GOLD_SVM_2022_2023_S0/daily_returns.csv,6515,f7a63fcb4c6319555d584c39da85170c5a6aeb85450c74c7c4533df9d0be955a
data-backtest2/GOLD_SVM_2022_2023_S1/backtest_summary.txt,778,f80f7de7af6ce8703880b7c8d5f1ed1ccacc5fe9246232fa129eb249303d3d46
data-backtest2/GOLD_SVM_2022_2023_S1/daily_returns.csv,6515,f7a63fcb4c6319555d584c39da85170c5a6aeb85450c74c7c4533df9d0be955a
data-backtest2/GOLD_SVM_2022_2023_S2/backtest_summary.txt,778,416b9e5a04ad0fc43951d2d5e2ecdebca6c16a855ebc9a5eef28f1014aeb03c5
data-backtest2/GOLD_SVM_2022_2023_S2/daily_returns.csv,6515,f7a63fcb4c6319555d584c39da85170c5a6aeb85450c74c7c4533df9d0be955a
data-backtest2/GOLD_SVM_2024_2025_S0/backtest_summary.txt,778,687050551e1e4b073110d69d04721a5358466a00bd6f64842a942ca2fe5e3b18
data-backtest2/GOLD_SVM_2024_2025_S0/daily_returns.csv,8323,027b5b2472ffe6d00cdd592c897d3085e9a7405ddc8a7be089c110422a133d2e
data-backtest2/GOLD_SVM_2024_2025_S1/backtest_summary.txt,778,4c47c1da6518e4c12415ef2f1f3da93ad6def538b3f5147bd095ad0841340398
data-backtest2/GOLD_SVM_2024_2025_S1/daily_returns.csv,8323,027b5b2472ffe6d00cdd592c897d3085e9a7405ddc8a7be089c110422a133d2e
data-backtest2/GOLD_SVM_2024_2025_S2/backtest_summary.txt,778,38303cadea7646045c27c70c9095b5547408f208a62437b2a41d791f394308fe
data-backtest2/GOLD_SVM_2024_2025_S2/daily_returns.csv,8323,027b5b2472ffe6d00cdd592c897d3085e9a7405ddc8a7be089c110422a133d2e
data-backtest2/GOLD_XGBOOST_2008_2009_S0/backtest_summary.txt,818,19ef4be0c4c4491126bc52fc835325f645bb4a9e6386b48239054ec72ee0b903
data-backtest2/GOLD_XGBOOST_2008_2009_S0/daily_returns.csv,13157,636ba76725b466e9a65465619a294a9daf5e8ba54f473fdcb1230c88413e42b6
data-backtest2/GOLD_XGBOOST_2008_2009_S1/backtest_summary.txt,818,38f60a2549ff78f72dea95ea9709a1c7935913be6b01d58c3df40378f87a6c99
data-backtest2/GOLD_XGBOOST_2008_2009_S1/daily_returns.csv,13163,3a538a021fb1b7fb3cc2df0463a73e11beb565e6320ea59b0ba3d88194c079e1
data-backtest2/GOLD_XGBOOST_2008_2009_S2/backtest_summary.txt,818,34cf712933d6688db2a7ab21c434743cd5994512b65c13214b01196d0e6fe3ec
data-backtest2/GOLD_XGBOOST_2008_2009_S2/daily_returns.csv,13174,52b3d4262bc8668f61c8189cfa44b72b0db47ab763e15128502fad8fe21fb90e
data-backtest2/GOLD_XGBOOST_2020_2021_S0/backtest_summary.txt,818,580febfc30e1ec0874b9861fc5ea8a272b5fdae1d664ad1c9cc8024a441ee940
data-backtest2/GOLD_XGBOOST_2020_2021_S0/daily_returns.csv,14192,065696ebb3f3c08762ca5dde1be2ed8dacb046fda0e11f4c9342cf43f0ee249e
data-backtest2/GOLD_XGBOOST_2020_2021_S1/backtest_summary.txt,818,1200b0a3e55719d9a02155fa8ea1baa7cd08c1eaac399c1199d6894b2c649725
data-backtest2/GOLD_XGBOOST_2020_2021_S1/daily_returns.csv,14217,55681aa7ec14ba04dcab7240102ec9ab5325ed23b8b2aa35d00d0f206b9d84b3
data-backtest2/GOLD_XGBOOST_2020_2021_S2/backtest_summary.txt,818,bfb6357bf36e73534ae7b27e324719f7fb1609f508d092bcb7fff7700f4a33d9
data-backtest2/GOLD_XGBOOST_2020_2021_S2/daily_returns.csv,14208,043973c4934261a736d4eeb038a655b4e5545d16cba9e445676ccd3f109543c2
data-backtest2/GOLD_XGBOOST_2022_2023_S0/backtest_summary.txt,818,fe632b0d0f8dc0845343b1da68857fbcdc3d1737ff966397bfc41aa03bce73c9
data-backtest2/GOLD_XGBOOST_2022_2023_S0/daily_returns.csv,11202,d42d41fbbbfc2f08be0ba61c65678b4f0106d9f9220539e594199504390dce35
data-backtest2/GOLD_XGBOOST_2022_2023_S1/backtest_summary.txt,818,b558726285023c40aa3506e0ea7b942b2c8ff08c5982a743da0de9b4ce661b0d
data-backtest2/GOLD_XGBOOST_2022_2023_S1/daily_returns.csv,11227,7442fbd56b201b695b228cc2233db9fee82e625d424e4914d38edb04b2389c8d
data-backtest2/GOLD_XGBOOST_2022_2023_S2/backtest_summary.txt,818,581f1449307b6368ceb9a83a2e105f592c23b9aa83e749a164bab0e4948067fa
data-backtest2/GOLD_XGBOOST_2022_2023_S2/daily_returns.csv,11245,5e3bd5902e1a56168ef2112b67bb99f218c1035b85035cc37b6c00c489f5692f
data-backtest2/GOLD_XGBOOST_2024_2025_S0/backtest_summary.txt,818,375bbc745408594634337311d8537c4dd439e195910e20b10a74bb1be8232e83
data-backtest2/GOLD_XGBOOST_2024_2025_S0/daily_returns.csv,13189,67e7706afc7a718052d3452a1a4a44af3283e31452a0c6b487e827827b17813a
data-backtest2/GOLD_XGBOOST_2024_2025_S1/backtest_summary.txt,818,5f3943a6c67e4faec6c53c25df45a0b7d4cfed221cc74c278709d32468242d3a
data-backtest2/GOLD_XGBOOST_2024_2025_S1/daily_returns.csv,13205,6ecf566036b3db2aa4d9cbc6b76f1fbf69203df6b718a942c37d98fd0ffc0051
data-backtest2/GOLD_XGBOOST_2024_2025_S2/backtest_summary.txt,818,cabd38328d149af61f64f7f85a0f429552ca4f987bc0ebec51926a531d4d46b7
data-backtest2/GOLD_XGBOOST_2024_2025_S2/daily_returns.csv,13210,e2b1b60c1c614497ec84f197b00f142a6956f2c85525fb3383c7ae334e729079
dataset/AAPL_D_2004_2023.csv,317049,35bfa1901bb5d1f4bf4a4962a99d37679d61a0cb7304d883cf03f942c498656b
dataset/AAPL_D_2004_2025.csv,271499,f11ec843c1aab9bb3db8912ef58defb9e8cc579c6ccfc4021bb06814de5b6e07
dataset/AAPL_D_2008_2009.csv,30291,eea63bd6824a6febfc46c8e26b3684f2d38d0ff35f58888625e6de2a7028c26b
dataset/AAPL_D_2020_2021.csv,33833,d9b72157787d5fb908b4a645c3293db8c841e71cab6472c05345ae439c2589cb
dataset/AAPL_D_2022_2023.csv,33928,8f080173b869228b11e8dfbaf97213ae0aa82ef8d0c7f9152a801f1ba5307500
dataset/AAPL_D_2024_2025.csv,33946,e88ce3323e4f9e6f4ecb35e36974eb5f771be02da460a768b21b042e241a5cd0
dataset/GOLD_D_2004_2023.csv,354430,ee436bd6a38932578ddc7a0e6b6e00ed86bef84c7f7092367f9769c003524e01
dataset/GOLD_D_2004_2025.csv,347076,37a94b5658267e00bb8d1f768d664e0cd080ca9e408d44910c6325d791558516
dataset/gold_D_2008_2009.csv,35212,3bd1c604bf81befb31224195eb11eb862bf6462d5d15b0fc7dae7b75ec32093d
dataset/gold_D_2020_2021.csv,38999,39f703b318534975bdf544ebc6906beb973d1d78b98e14053466ecf53b49250a
dataset/gold_D_2022_2023.csv,31074,f9fb259e886a9abdd035557485ddc9df09cb2b8c592d4290411f90f3b623e8b1
dataset/gold_D_2024_2025.csv,36184,9dd0d22e69594a1fec56892c6ead2943acc396c3d6bf43003148dba36622ecd1
dataset_blinded/BLINDED_DIAGNOSTIC_MANIFEST.csv,429,9158f029849d0c880fc60760811356253ffb11abd3a82ca3649d1435b0bb5ab9
dataset_blinded/README.md,875,882020c75284b28e3d8d807113348c54b19879796c345d7fe856c86cd0391a83
dataset_blinded/SYNTH_A_FULL_BLINDED.csv,501111,113e6f08dde6655091d951f282a0c2f7a248b75d860703ea4037aacabe6acf7e
dataset_blinded/SYNTH_A_W1_BLINDED.csv,49751,40300b996a1555178dbbccf98c125d7c22c6e9c09d80c0609d0813bca17132bf
dataset_blinded/SYNTH_A_W2_BLINDED.csv,50564,2948620c8c73a6141dbc7047f0644bcef444add509ddc8a5bcd52eadceec2d33
dataset_blinded/SYNTH_A_W3_BLINDED.csv,50359,0c0b7aed69c34a74a752101589e331e1763d0cb428fc20b23036b1c919793959
dataset_blinded/SYNTH_B_FULL_BLINDED.csv,482410,8b67d461fe08a06e9fd9438bfdc1fe1184d1e87c7ce934611624aacbe19486ea
dataset_blinded/SYNTH_B_W1_BLINDED.csv,49843,e4e13ae38c8c9e6eb6a0649cc7fdbf3364c2c7bb9e75d2123cb335689d1ec6ac
dataset_blinded/SYNTH_B_W2_BLINDED.csv,51964,9b4bf701ed514db1a18d194aedf07fbb7cd86a06ed76a32ec87fc9d63a280c3c
dataset_blinded/SYNTH_B_W3_BLINDED.csv,41209,8051d29f40dbf88231cdbd4d90f2b5db97683434eb3a3fd6f90f55f0c160e569
dataset_robust/AAPL_D_2004_2023_ROBUST.csv,501111,e6134df75e1625b48e307d0a9b63de2c05d50c0c3624be77133f7f0b785bda66
dataset_robust/AAPL_D_2004_2025_ROBUST.csv,551355,a2ee21799f146137ae56cae12fe0b398ce0b44d02a96faad9eeb785bfacce9a3
dataset_robust/AAPL_D_2008_2009_ROBUST.csv,49809,bea96d699be3ee427768a740a9facefe977c8830a00c87c1f3348a415f7a2749
dataset_robust/AAPL_D_2020_2021_ROBUST.csv,50633,59d0ca1374946d4982d1d7eaeb0afa60111ee7930cbf70aa195721a132092f00
dataset_robust/AAPL_D_2022_2023_ROBUST.csv,50364,12913c7dc46e70bfd846b2888a6f951c99ae1580ba569e714d975069f1002656
dataset_robust/AAPL_D_2024_2025_ROBUST.csv,50317,34d45c607f486a615a6ed784be8bbdf29d35ac75b55d0ec2b70b8498f49b2a13
dataset_robust/GOLD_D_2004_2023_ROBUST.csv,482565,4a8980afed2b795d6d9397e8cef2320b2ad75c7f7e5a275025a4c54fb3f29298
dataset_robust/GOLD_D_2004_2025_ROBUST.csv,531104,8580ded6098517050090d24da04111bd9cf25ac7410a37241807783417151c09
dataset_robust/gold_D_2008_2009_ROBUST.csv,49855,9046a95b12912a929fc9c9930e5c3da914968818023fdeb40fa95ec6b525e533
dataset_robust/gold_D_2020_2021_ROBUST.csv,51918,97bf11251784135efb08b760b898a858cb33e6c689b20712cbed355667972910
dataset_robust/gold_D_2022_2023_ROBUST.csv,41218,ebdcd969ce8a69700065f69b68ea6a0da6235cd99238830f1f467b7a058dd969
dataset_robust/gold_D_2024_2025_ROBUST.csv,48642,27ab6f1a1f8576d844b184599a1a94e37a5bdcdeb22d71ae6e2817b23961d239
generate_robust_datasets.py,4102,8a55b6eb566017e042fa00fc527dbfcd86c25dee270d63f004c9e90d2ef9edb3
logicSVM.md,9569,70a33d6e78a3aa6a1fca9fbc25cd73c7ec65d66364738d031c3226f02b89f693
logicXGBoost.md,11663,ec2197703604b9a72d85369eef4f469037ad46df66b11f4e31dfc89ce1bb9e49
logicbaseline.md,10161,526f633776ddfb18d088eae858068654eed154c38ffdc075b288facb6545a65a
logicrmdb.md,6126,6d292fbaae0ef2a61c525d16e0b46a24690c0c30eb873846e216e49092652ebc
manuscript_tables/README.md,1042,c726886fac3fde6e58a2b65f8de1b46d08b777569a7b3ec50532851c32480aa8
manuscript_tables/agentic_minimality_gate_summary.csv,784,1e170c0b173b9473eb7b3e137b6651bb27484f36af43c2d01614f9c2051bff3d
manuscript_tables/casewise_dominance_vs_llm.csv,179,21a28acf3a6197047be5b787e60efeb9dbfc95c5ca454bfc1f56adb8f258fd05
manuscript_tables/paired_bootstrap_return_delta_vs_llm.csv,491,d70bc68f6bfc15d2f8879bc11f7123c5fd76118edaff16a63d7224ca2f860e3c
manuscript_tables/performance_detail_from_backtest_json.csv,16513,1e14f58745792321688fd7742e4555a9faf3c15398fbaedfebd82fb110fa2c3e
manuscript_tables/performance_summary_total_return_from_json.csv,1260,3f9ae92da8ef5f352a0ee1a4bb6b70d85892f56802867d9232c78f11dd4aef8b
manuscript_tables/reference_baselines_summary.csv,203,d060a384143616d607f71c5da197ce1d3303f165cd643912432c5deb7c9f0dcb
manuscript_tables/reference_buy_hold_by_case.csv,463,5bab1e12bb0b03fc12f108b8442db54d2ee636d5b74c18e3040826bc7ae6676b
manuscript_tables/trade_diagnostics_from_json.csv,506,8cdc72a05dba0854b2513cbf173b19c9cc8a854ff005a147789b264e5328006f
prompts/system_prompt.txt,2893,71a2128f63fd53cde4003652c3df1717186f09ff3ded4244cc418dc41ce9b8e0
prompts/system_prompt_aggressive.txt,1755,03dff96e847101be19586b610a41ae3ab9db40ac5d75eaf9d4d475fd149a09d0
prompts/system_prompt_sniper.txt,1894,cdd8612544d95dde67243c578cc3c2328da9993463d11724a52a7b864255cbab
requirements.txt,260,419911ac67aeae2a1860fbc95bd3bd21ec4695a5552c83fd3404905300e9c691
results/README.md,5753,8093c5de4b5dec2eca453e638f2e7adaf164baf47596704bbf4bb2e187df90db
results/svm/aggregate_performance.csv,1167,2279fcbe720fdaa7399f9b7d0f87030f782ea8e1f38b84f0d4e28186a28053ab
results/svm/daily_returns_AAPL_2008_2009_S0.csv,11641,1f81fc3ef91fe692012481cc36ff3c36e8bad0faf4067f848d819c33b3bbfe7f
results/svm/daily_returns_AAPL_2008_2009_S1.csv,11641,1f81fc3ef91fe692012481cc36ff3c36e8bad0faf4067f848d819c33b3bbfe7f
results/svm/daily_returns_AAPL_2008_2009_S2.csv,11641,1f81fc3ef91fe692012481cc36ff3c36e8bad0faf4067f848d819c33b3bbfe7f
results/svm/daily_returns_AAPL_2020_2021_S0.csv,11641,066452253afbd996f11d7292f6877177966857410b9f7ae8627c1c2cd902cc67
results/svm/daily_returns_AAPL_2020_2021_S1.csv,11641,066452253afbd996f11d7292f6877177966857410b9f7ae8627c1c2cd902cc67
results/svm/daily_returns_AAPL_2020_2021_S2.csv,11641,066452253afbd996f11d7292f6877177966857410b9f7ae8627c1c2cd902cc67
results/svm/daily_returns_AAPL_2022_2023_S0.csv,22236,ec4b37e90551b5cf55853c7015e5726f68cc473824196ea376922e901eb6efba
results/svm/daily_returns_AAPL_2022_2023_S1.csv,22297,c2c3288aeaea7790ba7b5249baaae6ee78fae3012b2cf558bf130c6e5531ee9e
results/svm/daily_returns_AAPL_2022_2023_S2.csv,22248,6c68b5a08a107cba9af3c3fd6108bc0eee3385028fea8eb3f77c3b0ddd3717fd
results/svm/daily_returns_AAPL_2024_2025_S0.csv,11572,47041ee28364effe250c11036a1b4456ef4b5f6c9a6bd3948e4e46fd11e564bf
results/svm/daily_returns_AAPL_2024_2025_S1.csv,11572,47041ee28364effe250c11036a1b4456ef4b5f6c9a6bd3948e4e46fd11e564bf
results/svm/daily_returns_AAPL_2024_2025_S2.csv,11572,47041ee28364effe250c11036a1b4456ef4b5f6c9a6bd3948e4e46fd11e564bf
results/svm/daily_returns_Gold_2008_2009_S0.csv,17227,5213b85b98404f2c472d674890d307ff06662e5e1408c595b53b85696f54d4ce
results/svm/daily_returns_Gold_2008_2009_S1.csv,16987,ce0fdeaf5da7aff84ac34384d7de3b2ed8bf5c4de71f701bd2a2199bfc1aef06
results/svm/daily_returns_Gold_2008_2009_S2.csv,16235,c1ea5794c5e7ff4d0a18874aa941b7e276e4b4ca98688eb91e0e87c4b3dd2266
results/svm/daily_returns_Gold_2020_2021_S0.csv,17867,70b600e259ac4e1a6aa355f02112cff254dab9c141a41e8fbac510d862289446
results/svm/daily_returns_Gold_2020_2021_S1.csv,17829,e18b2ef845cf985fa59ba70797495c263b71d519f0361905ac56b023ce85ea40
results/svm/daily_returns_Gold_2020_2021_S2.csv,17863,93780f1cb50a10c175f37c9916381155eca836b12423be6f45463a37049559c7
results/svm/daily_returns_Gold_2022_2023_S0.csv,17262,b2d66dce6c5ee3886c3ed9060a760561040d256bf4d17ada98f5d0612a15b85d
results/svm/daily_returns_Gold_2022_2023_S1.csv,17319,af1cf445bc4ab0cdc7628e96d0630070a260a5a064ba1729f2ac92efc15a6650
results/svm/daily_returns_Gold_2022_2023_S2.csv,17332,724318a769cf0048c6745c6987b45fa1bbc8ee31b8f1ecdc5755c10d1f7f9918
results/svm/daily_returns_Gold_2024_2025_S0.csv,11963,c8962ac4e8eb712d5e82b13aed873947cc63e9b57e5a4c340a8f5799249a19ac
results/svm/daily_returns_Gold_2024_2025_S1.csv,11963,c8962ac4e8eb712d5e82b13aed873947cc63e9b57e5a4c340a8f5799249a19ac
results/svm/daily_returns_Gold_2024_2025_S2.csv,11963,c8962ac4e8eb712d5e82b13aed873947cc63e9b57e5a4c340a8f5799249a19ac
results/svm/svm_feature_importance.csv,475,06e58dca2b2056043f711bf4d9d1887e3cfc00097e1e0eecd4dc35dbc85898e5
results/svm/svm_feature_importance.png,132155,bf8c768bbbb0df2bf74963edcff6329eccc93907acb9e35d9650183ac20c74fd
results/svm/svm_group_importance.png,99483,70bd414a11c957af418f31966e96166a79a7d5a1b30c3882399d513130a97287
results/svm/trade_diagnostics.csv,129,c6dc60f55160262ac54248ffe910482802daf8be6fbe081941e53430a70a05df
results/table2_combined.csv,651,0093af4b0474b0081ee9b9c262cb015f54c16d44558977f69029b3c396537b4a
results/xgboost/aggregate_performance.csv,1416,9c2cefc3e4e2195285513504a36622ca776b2c86849cd77cac1a7c7542b8c762
results/xgboost/daily_returns_AAPL_2008_2009_S0.csv,23553,b52aa4a0083b77fa93f77a15f79e346d2e541356966d08f415909e51017fc814
results/xgboost/daily_returns_AAPL_2008_2009_S1.csv,23675,1e2a7735ead3ee18ac5d2d4abf1b9c7b8793245fa49bfb7cccc38a831ffb739e
results/xgboost/daily_returns_AAPL_2008_2009_S2.csv,23620,a0b17ca0146cd32da933d3a99526b8bf2a3170f098f947fc4597c8826c89f1a1
results/xgboost/daily_returns_AAPL_2020_2021_S0.csv,23556,cde01325a8b22be98dea2d164bf2d1aa2ed846680009fc2fd3c9aa27590ad701
results/xgboost/daily_returns_AAPL_2020_2021_S1.csv,23730,5ff300f0e01810093f0424b57535ced682c11e972caf52445da3ef70fa5a8a9e
results/xgboost/daily_returns_AAPL_2020_2021_S2.csv,23691,f75a963c69cbd903a3baa0c49a70dfcd7272dd292b0e9d2335c736c19ea3b884
results/xgboost/daily_returns_AAPL_2022_2023_S0.csv,21585,005f021285281d311c241edb2f4e37d9d612df63ab4de4c6e937d49f759f2f0c
results/xgboost/daily_returns_AAPL_2022_2023_S1.csv,21920,72e0a07e6ac5eacc2ccaa7c8b760c610ab5b9fed3c98218f92affafd1446e069
results/xgboost/daily_returns_AAPL_2022_2023_S2.csv,21851,668b552e61e503d446c01d25c28106b17bbc809f8c1ab537e6dfc9024caa48b0
results/xgboost/daily_returns_AAPL_2024_2025_S0.csv,19422,0ab9d9804540d800fd0bd36a2923b173c50e48cc9ee38eb38d2afa5abb5dc51f
results/xgboost/daily_returns_AAPL_2024_2025_S1.csv,19806,bfdc5f98d72221b8e294e2e0156f227620065d358a5f7c129f581026941f053a
results/xgboost/daily_returns_AAPL_2024_2025_S2.csv,19839,27d5fe2002cc6fa4ac62ba25fd7e782761914a27090d7785b06ff47880631acf
results/xgboost/daily_returns_Gold_2008_2009_S0.csv,23200,4b679e18248011621a5dbe393be0adc2d0eba5519758f576270acae72a1fe4de
results/xgboost/daily_returns_Gold_2008_2009_S1.csv,23276,56626ff4a8ffe015b3d08cd2996f5dcee7f9237dfec90bfef62afb9cba16bc4b
results/xgboost/daily_returns_Gold_2008_2009_S2.csv,23324,a144f4786b9b1257619afae8319b421eb6a3f65396cf85c1977f3b67686454a7
results/xgboost/daily_returns_Gold_2020_2021_S0.csv,20823,91b67b5af0647ee840272810c211f069e2f5cd84b6c3af22dbee04149eb26825
results/xgboost/daily_returns_Gold_2020_2021_S1.csv,21065,49f584b660e94d33620b14b974839dd04caa0292e76bafca6d33a55739522b95
results/xgboost/daily_returns_Gold_2020_2021_S2.csv,21065,0d7ab51d5db3c970cd4489a8f58ea8ce2fc512cdae443ffa325b180f8a5996a9
results/xgboost/daily_returns_Gold_2022_2023_S0.csv,17431,6352dde3141d531760616b44e0af26f5281e1e1de4556e9e189219e40844d46e
results/xgboost/daily_returns_Gold_2022_2023_S1.csv,17462,85b53e31bdf6cab7e94a391475b30a93cf5f678fe5f52cb8dded76595fc14e7c
results/xgboost/daily_returns_Gold_2022_2023_S2.csv,17456,1583381dfe8646c35957539a26a3ef8c6725252163103bb12c80d84a6a93d8ef
results/xgboost/daily_returns_Gold_2024_2025_S0.csv,20751,d6abe66c7d6528b95e7706051a514c239eff2c7a9c2aa9b5356e52498b3b8b69
results/xgboost/daily_returns_Gold_2024_2025_S1.csv,20766,1e362b96a1780287e92c50b9a2bcaaaeb41cb5e4d9da2ed25fbd4f4d303f8404
results/xgboost/daily_returns_Gold_2024_2025_S2.csv,20752,93852b0dfb9b9632434c9dc539d73bde0d04931c7242938437195fd4763534ed
results/xgboost/mdd_advantage_counts.csv,325,c27f13d5eca2612eac7179191e114843d6de99cf0b8473c8f2bc24f8173a0d4d
results/xgboost/shap_summary.csv,369,3ddc1a0779934a47e8fe214e16f011af00f2207aff9e466a60b1bcd5aed1a362
results/xgboost/shap_summary.png,660849,1e693c42b06dbff6c457aade48dd1747d90a4272976a4e310ca5b7ebb5a40239
results/xgboost/trade_diagnostics.csv,142,abfec6bb09fec2b272473d32d6be7c77ade54502e79c7531b8d41b8ad0eb27ba
results/xgboost/xgboost_feature_importance.csv,370,5cb0aa33e6767f04798bbaa6007dff6264314b1f7a9ab1fedaffc4d7150102d2
results/xgboost/xgboost_feature_importance.png,133047,6f122d4fde803e816073f3342b74e9aebce5fe6f46aa3eb900ae0d00bc886922
results/xgboost/xgboost_group_importance.png,95828,c15c17caf4bff9242461a68b52fbb252a2d7450c37bada120b9ef0a84133fb82
results2/svm/aggregate_performance.csv,1158,590da4deac737606ce0ec5402a124f2bc2c62633732b7c99e113d8e6513514c4
results2/svm/daily_returns_AAPL_2008_2009_S0.csv,22699,c0a65b5b6d94c2e7236d8ea82e8da0a4513002f7606eaa6ba2241f147138d881
results2/svm/daily_returns_AAPL_2008_2009_S1.csv,22586,c1f8e96a4ffe3ebfde22417c4021c9832ef139f1cc812d3da81f1c3e5f56409c
results2/svm/daily_returns_AAPL_2008_2009_S2.csv,22625,4ef2acbcf541e6ed0fdaecef889bb05364b9f03f228dfa10b40949819c2139aa
results2/svm/daily_returns_AAPL_2020_2021_S0.csv,11641,066452253afbd996f11d7292f6877177966857410b9f7ae8627c1c2cd902cc67
results2/svm/daily_returns_AAPL_2020_2021_S1.csv,11641,066452253afbd996f11d7292f6877177966857410b9f7ae8627c1c2cd902cc67
results2/svm/daily_returns_AAPL_2020_2021_S2.csv,11641,066452253afbd996f11d7292f6877177966857410b9f7ae8627c1c2cd902cc67
results2/svm/daily_returns_AAPL_2022_2023_S0.csv,10790,d1312587b6599752b5b77031d67fd03b8bb77d6c5cfe0f628f01cad0c486446e
results2/svm/daily_returns_AAPL_2022_2023_S1.csv,10790,d1312587b6599752b5b77031d67fd03b8bb77d6c5cfe0f628f01cad0c486446e
results2/svm/daily_returns_AAPL_2022_2023_S2.csv,10790,d1312587b6599752b5b77031d67fd03b8bb77d6c5cfe0f628f01cad0c486446e
results2/svm/daily_returns_AAPL_2024_2025_S0.csv,17778,2111d889d86cf08088e0bf7e927f8793b24d343b917ef7b6e0193e34c526c1d4
results2/svm/daily_returns_AAPL_2024_2025_S1.csv,17859,3fc75a6e4941c6b5d45963cc69590479394c12964f21e561051152856dc94e79
results2/svm/daily_returns_AAPL_2024_2025_S2.csv,17836,023e1ce896800b67e53c81ef2aa8d74796ca344843e0014332ea4ad247206654
results2/svm/daily_returns_Gold_2008_2009_S0.csv,17920,6b80b9dfb57787745fac7a92464d067fb464f3a7431cada44a759626b11ea254
results2/svm/daily_returns_Gold_2008_2009_S1.csv,17926,f188acd7df4abbcd03f3629f755f32d0f5465c41f299ed3f9d5e70d7114174a4
results2/svm/daily_returns_Gold_2008_2009_S2.csv,17832,a22f29b3111328a36a85f7cb13e855ec0ef20944505c786d35090aec8df911ec
results2/svm/daily_returns_Gold_2020_2021_S0.csv,15658,4bbf6c3ee749e875d39382f320ea4694d59f91cc5f0ec4e49345088f48e77ab9
results2/svm/daily_returns_Gold_2020_2021_S1.csv,15659,d9549cffd28c0d8baa8f112f04649fc69de14e788f899e1305e80ec64f2cc8ea
results2/svm/daily_returns_Gold_2020_2021_S2.csv,15663,23bd81d494ed189bdf501eae07dff1f169a4c835810f3377447d21678b5a6389
results2/svm/daily_returns_Gold_2022_2023_S0.csv,9364,fda606762a96d3fc895fffdd7a03600f7bba0113de01d94f927b4ffb3532e894
results2/svm/daily_returns_Gold_2022_2023_S1.csv,9364,fda606762a96d3fc895fffdd7a03600f7bba0113de01d94f927b4ffb3532e894
results2/svm/daily_returns_Gold_2022_2023_S2.csv,9364,fda606762a96d3fc895fffdd7a03600f7bba0113de01d94f927b4ffb3532e894
results2/svm/daily_returns_Gold_2024_2025_S0.csv,11963,c8962ac4e8eb712d5e82b13aed873947cc63e9b57e5a4c340a8f5799249a19ac
results2/svm/daily_returns_Gold_2024_2025_S1.csv,11963,c8962ac4e8eb712d5e82b13aed873947cc63e9b57e5a4c340a8f5799249a19ac
results2/svm/daily_returns_Gold_2024_2025_S2.csv,11963,c8962ac4e8eb712d5e82b13aed873947cc63e9b57e5a4c340a8f5799249a19ac
results2/svm/svm_feature_importance.csv,509,397c1b43a8574aa3716c7e5894ba342d48c9c32b1be2c71e0096d64864b1c353
results2/svm/svm_feature_importance.png,130939,31649869320be4722468b6ddc8b50bc17d6f320cf3ce8213555d3b32518aa17a
results2/svm/svm_group_importance.png,99506,7415ad310103c79df13cf59ddbbe140a8c186974d8256efea032f13396c66684
results2/svm/trade_diagnostics.csv,126,a5b688b9be4ff711fcbe757b2f2d35703029abc5e0b9b4a00cca58537ba072de
results2/table2_combined.csv,640,52df90d5c307cc9abd18641839c8fb5a688a5ac4e1a4e38e95634376bd4ff1de
results2/xgboost/aggregate_performance.csv,1381,86da7e5d57343dabec228a1b06a577da6675a0a79b99bdd7e912d9c16f4efc97
results2/xgboost/daily_returns_AAPL_2008_2009_S0.csv,22388,fe76cd38c3d765b605a9750f15c4687e2750a99d0b2c94f987da0f0fd2031bee
results2/xgboost/daily_returns_AAPL_2008_2009_S1.csv,22407,2902d9e0e4571622a95e042f98233c0341d736518bba92fb6580166536bc330f
results2/xgboost/daily_returns_AAPL_2008_2009_S2.csv,22313,82beb8b119a9c42fcb114e2357c69dc06321f0346ba19aaacb2d26732435c4da
results2/xgboost/daily_returns_AAPL_2020_2021_S0.csv,22435,7e018118f270a539cb86084dc874dbdbcc110df55aaffbb6c04897516e406f39
results2/xgboost/daily_returns_AAPL_2020_2021_S1.csv,22472,15a414bd5f253f0aadb63f1ad1d90e4b91df7ab8faf7ee4d2466ac0fa579a0ed
results2/xgboost/daily_returns_AAPL_2020_2021_S2.csv,22401,cfe251cc4101fffd8c7aa65291e8961bd9876418d4f91f6f3749074e50f049cd
results2/xgboost/daily_returns_AAPL_2022_2023_S0.csv,20526,039fda3ff5f4080aaf92ffd0ba77a4d2d384a3a448e88a7414707eca43dbdab6
results2/xgboost/daily_returns_AAPL_2022_2023_S1.csv,20524,c8c9bfc35ed5bdc0b6853493d9a281b427c677bafbecfbcb3a07d827560057a4
results2/xgboost/daily_returns_AAPL_2022_2023_S2.csv,20494,a4bdbda55ed87cb4e1d45ed24b42de7804a259943f0f1250a7c19094596a54e9
results2/xgboost/daily_returns_AAPL_2024_2025_S0.csv,23284,cf53b259f060661e7ede55944061e92bd48d80233f9c6eab656face9b6cb1d3e
results2/xgboost/daily_returns_AAPL_2024_2025_S1.csv,23264,f8bb5663dbbd694d772a2a37dd420127c548742531ea34c745230fd18a08c428
results2/xgboost/daily_returns_AAPL_2024_2025_S2.csv,23322,06196d902447969dc4a6168c2bf2f4eb4316252c7ae828a51617f27a930cc0fc
results2/xgboost/daily_returns_Gold_2008_2009_S0.csv,22368,bd5dce182bcf152ca69f8235a13dbb6c8843d3c11b1feb91420bffca45705bdb
results2/xgboost/daily_returns_Gold_2008_2009_S1.csv,22422,5928c68e90a8509c9271e8b1e1d207b1fbd8b817d2f5f3fd73b143a52f95f4c9
results2/xgboost/daily_returns_Gold_2008_2009_S2.csv,22362,49c9f052bcebce01589b5b0bc4a1040c9edec6ccddd5e14fdec6d5fb3af27867
results2/xgboost/daily_returns_Gold_2020_2021_S0.csv,23879,4a516d31a238cf90d95dd1be9a37412f61d7e939fc5c7d66036c86d6d108a138
results2/xgboost/daily_returns_Gold_2020_2021_S1.csv,23890,fc6312728bdc379191ecf3eb24017a3af244f6bfd5f37eae99076c6ae76676f2
results2/xgboost/daily_returns_Gold_2020_2021_S2.csv,23860,be8700946cf6e7072f6dd7fcb4e9c00d7778e2a121bfdbe57f23f0643e70d97f
results2/xgboost/daily_returns_Gold_2022_2023_S0.csv,18742,9a2bb7bbc76d77b0a0e2855ca88a9b671186e2538eb6fe676c3b0e2eaa06497f
results2/xgboost/daily_returns_Gold_2022_2023_S1.csv,18796,a45978a81bc55ee335257de8e41d5846b26aff29369df8b0d253d63a7e1f33f1
results2/xgboost/daily_returns_Gold_2022_2023_S2.csv,18785,dbd26bd6591255c7b0f782f1bbc0e942c189d67555363f283d6b6df17fdd6cb9
results2/xgboost/daily_returns_Gold_2024_2025_S0.csv,22951,58aff90dde029e76a43a384632c295deb474b9bfa7781494d78a5cc87043afb5
results2/xgboost/daily_returns_Gold_2024_2025_S1.csv,22967,4a4b35c456325c927a84247cf6c7329d9f5aeac7414bad4e4b526edf40b5f9e7
results2/xgboost/daily_returns_Gold_2024_2025_S2.csv,22933,4a9a10279f78c9f85b50b8dcb6ee6bf807c6f62d993bc99b08b144b6c478c2ce
results2/xgboost/mdd_advantage_counts.csv,327,8db92ceded9edc9339108100eec17c4d9e855697e5da616ec3ef2119ac94b384
results2/xgboost/shap_summary.csv,381,e7556903189664692915999b80521d58b049d09d3884e4b3129ce2444f2c7c87
results2/xgboost/shap_summary.png,616950,d18153a0b99ee9b76d709fd9084bf2007d79ff886aa0146d5544c74a7f72cbad
results2/xgboost/trade_diagnostics.csv,139,6c18e74d7e58d9e7ce7babcd018c5c11cb4e8e47e11af093e0d505240582207d
results2/xgboost/xgboost_feature_importance.csv,377,9bf209964d7d8f37d4dfed8f0dc365ed686c7d1f208585aec6d1c348dc744e94
results2/xgboost/xgboost_feature_importance.png,133036,f6b3bfd3626285360128abd25dd6c7e386b665ef5d3577c0bb1c6d2993e5bae8
results2/xgboost/xgboost_group_importance.png,95905,a66e272a73f5cf3943e41067d305b7b088e60b1b367c9e396be48c1f7abcfc33
scripts/compile_manuscript_tables.py,7716,dbe8a036c932b7f1df082800efbdd28c5341e123a54519a2a8b94fcc4a27e699
scripts/generate_blinded_diagnostics.py,3109,f7e45c00a7444c607d14fd4b4ff5db63acc735318683f9eaaec4c9d431be8360
scripts/run_baseline.py,40079,520775d8d56756869d52592953f870952ce35aced608a69b428e7cfae30e138e
scripts/run_rmdb.py,42636,74da854b0a1ee4f6862c164d98a36c4c07848895f9802cda285c3ddbf46a342c
scripts/run_stats_significance.py,17410,d5e56e944ef55a75fc927023f60aa40b8fa6c1754299e2461ac7870a40d331cc
svm2.py,31519,db282be26fb825db06a5ba8781f32ebd511677225855cc9c4a500334217f92fb
svm_baseline.py,31475,403e76ea0dc12e00dddfa725482a28cc7fe92c78119fabd0a0f16480ad22a6ed
xgboost2.py,39382,3e552789f7c1c89723b391bad7638cf6996b87c183dac2cc43697d1b75beb02e
xgboost_baseline.py,39072,875d7e07b1efef0054e7d4fd62fcfeedd9e64bc212aa0e690defdcef2a97c3cc
